,close ,OPEN ,date,pct_chn,logret
0,344.6,310.0,2017-11-17,0.0,0.0
1,355.35,344.7,2017-11-20,0.04956788800799942,0.030718895179075112
2,385.3,356.4,2017-11-21,0.015774571929351472,0.0809190323592075
3,395.2,388.0,2017-11-22,0.040347293156281945,0.025369714241601393
4,374.85,390.0,2017-11-23,0.002614891808851409,-0.05286601992464224
5,370.7,376.05,2017-11-24,0.018680950786742537,-0.011132835792384554
6,380.35,371.0,2017-11-27,0.006721235110135105,0.025698771286624122
7,382.2,383.0,2017-11-28,0.015682174594877155,0.00485215036286224
8,377.8,382.4,2017-11-29,0.0007892659826361782,-0.011579076738763128
9,371.5,379.8,2017-11-30,0.0034606681751630057,-0.016816090909595793
10,372.75,373.7,2017-12-01,0.008172014200549296,0.003359089487034339
11,362.8,374.05,2017-12-04,0.00047499491076884404,-0.027056235403866147
12,362.35,361.0,2017-12-05,0.01804105896177509,-0.0012411226856912094
13,368.35,360.9,2017-12-06,0.00013712718546454952,0.01642297757353184
14,388.3,370.05,2017-12-07,0.012065668886398146,0.0527446636087987
15,389.3,390.0,2017-12-08,0.025599897343770037,0.0025720178787889125
16,380.8,387.0,2017-12-11,0.003907267517582704,-0.022075951699199514
17,383.8,380.9,2017-12-12,0.007976984438341862,0.007847280656388733
18,380.8,386.45,2017-12-13,0.007233626588465313,-0.007847280656388733
19,384.3,382.85,2017-12-14,0.004692693736557342,0.009149194653587323
20,381.4,388.0,2017-12-15,0.006693527423966698,-0.007574804404478996
21,377.45,380.0,2017-12-18,0.010561753251039672,-0.010410583580685362
22,374.9,378.0,2017-12-19,0.0026563952716164166,-0.006778785843767565
23,375.15,377.45,2017-12-20,0.0007307998937018488,0.0006666222498719065
24,376.05,379.25,2017-12-21,0.002383159009665049,0.002396167280673822
25,374.55,376.25,2017-12-22,0.003995737879595099,-0.003996807878519526
26,376.55,376.0,2017-12-26,0.0003322038402763936,0.0053255351534682305
27,374.85,375.1,2017-12-27,0.0012000800053336585,-0.004524894598289642
28,377.95,375.0,2017-12-28,0.00013281094362178463,0.008235965789114452
29,386.0,379.0,2017-12-29,0.00522875816993464,0.021075457726645652
30,389.65,388.5,2018-01-01,0.012208443102229648,0.00941153082473889
31,395.5,391.7,2018-01-02,0.00406504065040649,0.014901886918138985
32,385.65,398.0,2018-01-03,0.008039303260384115,-0.025220564827701075
33,399.0,390.0,2018-01-04,0.010139416983523447,0.03403119450985592
34,407.0,401.0,2018-01-05,0.013613861386138614,0.019851768552730853
35,422.1,410.0,2018-01-08,0.010816007691383247,0.03642906734585871
36,435.5,424.0,2018-01-09,0.016288539848749273,0.031252543504104224
37,429.25,438.0,2018-01-10,0.01614298068607668,-0.01445529651497246
38,446.7,424.0,2018-01-11,0.016079016882967725,0.03984772858048835
39,455.95,449.75,2018-01-12,0.02843104780832505,0.020495926021601107
40,474.85,460.0,2018-01-15,0.010964325827672889,0.04061581030928707
41,482.65,479.9,2018-01-16,0.02067425068827591,0.016292788605662523
42,478.4,485.4,2018-01-17,0.0057065781282423745,-0.008844550658202444
43,485.05,483.2,2018-01-18,0.0022721404595920356,0.013804775770871025
44,481.5,489.25,2018-01-19,0.006232294617563751,-0.007345747169112293
45,470.2,481.5,2018-01-22,0.008143322475570033,-0.023748095132210878
46,458.55,474.25,2018-01-23,0.007772298456260721,-0.02508879910101669
47,455.25,457.5,2018-01-24,0.018351136674883594,-0.007222618397235259
48,448.5,455.0,2018-01-25,0.002767017155506364,-0.014938037108866986
49,445.35,447.0,2018-01-29,0.008965092172353896,-0.0070481916209717
50,421.85,444.0,2018-01-30,0.003464803372408616,-0.054210689266243506
51,427.0,418.4,2018-01-31,0.03028152353915309,0.012134212616989437
52,448.25,429.95,2018-02-01,0.01315190161694376,0.048567099256617396
53,442.4,441.0,2018-02-02,0.012508489925288671,-0.013136662277116962
54,441.7,428.2,2018-02-05,0.014714334981032315,-0.0015835316056440618
55,438.8,418.0,2018-02-06,0.011904761904761892,-0.006587190201406301
56,433.45,443.0,2018-02-07,0.028524159963489074,-0.012267279086425553
57,441.5,434.9,2018-02-08,0.009242355089000483,0.01840157072936499
58,439.55,430.3,2018-02-09,0.005288268092199765,-0.004426543746826717
59,441.75,442.0,2018-02-12,0.013239038189533226,0.004992634902618143
60,431.9,441.8,2018-02-14,0.00022891152569530575,-0.022550031233150136
61,432.0,433.0,2018-02-15,0.010173410404624291,0.00023150827745510583
62,431.45,434.15,2018-02-16,0.0013285582255082918,-0.0012739592897945684
63,435.9,432.0,2018-02-19,0.002477243922110816,0.010261230290030454
64,434.5,439.5,2018-02-20,0.008581235697940504,-0.003216914538899829
65,449.6,438.9,2018-02-21,0.0006752954417557937,0.034162353874034324
66,450.8,447.2,2018-02-22,0.009242761692650347,0.0026654835861403825
67,468.85,452.1,2018-02-23,0.005320592866062255,0.039259105700012675
68,468.3,472.8,2018-02-26,0.021995537137392402,-0.001173771676137747
69,469.0,467.9,2018-02-27,0.005230013875547054,0.0014936522567827737
70,461.2,467.5,2018-02-28,0.0004307095940561831,-0.01677098005137534
71,450.95,461.9,2018-03-01,0.006134633291340333,-0.02247531978318662
72,452.9,450.0,2018-03-05,0.013179754125595279,0.004314881950451266
73,447.35,457.0,2018-03-06,0.007740366008735556,-0.012330064568563337
74,437.55,446.45,2018-03-07,0.011934389140271506,-0.02215030101176474
75,430.55,441.0,2018-03-08,0.006253227009351143,-0.01612752383966587
76,425.55,434.75,2018-03-09,0.007264907590375451,-0.011681011219204507
77,430.4,429.95,2018-03-12,0.005579124774800967,0.011332558924604719
78,441.95,431.95,2018-03-13,0.0022885913720105274,0.026481744659382578
79,445.25,441.95,2018-03-14,0.011271415689810639,0.007439168662814133
80,448.6,445.0,2018-03-15,0.003413160250671454,0.007495699916336918
81,443.3,450.95,2018-03-16,0.006653620352250477,-0.011884880335100156
82,425.9,440.0,2018-03-19,0.012645802055664613,-0.04004216482184031
83,422.85,424.95,2018-03-20,0.017751828261382416,-0.007187070700936715
84,422.5,426.7,2018-03-21,0.002060763071125765,-0.0008280594310026146
85,427.5,426.8,2018-03-22,0.00011705489874753921,0.011764841579585905
86,429.15,420.0,2018-03-23,0.008008008008008022,0.003852219787414235
87,437.55,429.0,2018-03-26,0.010386013501817552,0.019384476817611684
88,448.65,440.05,2018-03-27,0.012433892202092957,0.025052088762226532
89,454.45,442.5,2018-03-28,0.0027314789007190908,0.01284482282071231
90,482.65,456.6,2018-04-02,0.015011977641735452,0.06020385672984485
91,493.6,484.8,2018-04-03,0.02882256745707276,0.022433719296554244
92,495.85,495.0,2018-04-04,0.010294191855477608,0.004547989040955436
93,497.95,501.8,2018-04-05,0.006801700425106288,0.004226208745515159
94,496.35,497.8,2018-04-06,0.004023537695518785,-0.0032183473419182818
95,492.0,496.45,2018-04-09,0.0013657746977591408,-0.008802606543422797
96,503.55,494.95,2018-04-10,0.0015022533800701052,0.023204295601845892
97,499.75,501.5,2018-04-11,0.006541822721598014,-0.007575038713643956
98,499.6,500.0,2018-04-12,0.0015006002400960385,-0.0003001951290872995
99,499.8,500.25,2018-04-13,0.00024998750062496874,0.0004002401494291874
100,494.75,495.7,2018-04-16,0.004593871472562988,-0.010155433918176193
101,491.3,497.5,2018-04-17,0.0018203883495145747,-0.006997645308072897
102,493.15,496.0,2018-04-18,0.0015164535206995905,0.0037584482254002793
103,503.5,501.0,2018-04-19,0.004977600796416127,0.0207703247586144
104,495.65,502.8,2018-04-20,0.0018027943312133921,-0.0157136796797106
105,493.6,496.4,2018-04-23,0.006464646464646499,-0.004144559887728327
106,499.55,495.8,2018-04-24,0.0006028030341085707,0.011982220587849035
107,510.6,499.0,2018-04-25,0.0031695721077654405,0.0218788116283557
108,533.05,512.95,2018-04-26,0.01333652007648188,0.04302872358910115
109,519.15,537.9,2018-04-27,0.023603424625135927,-0.026422369647021604
110,518.05,520.0,2018-04-30,0.01724387071913682,-0.002121096051701521
111,509.95,520.75,2018-05-02,0.0007276608130396818,-0.015759081001234243
112,496.0,510.55,2018-05-03,0.010133624757836163,-0.027736754971598998
113,500.35,490.1,2018-05-04,0.02064718057448633,0.008731926811536894
114,499.9,502.55,2018-05-07,0.012419572048481209,-0.0008997751169399493
115,509.95,503.3,2018-05-08,0.0007401924500370096,0.019904603277002053
116,514.75,511.9,2018-05-09,0.008376759362976638,0.00936866421137239
117,517.65,517.0,2018-05-10,0.004929203112163555,0.005617992304222774
118,523.3,517.65,2018-05-11,0.0006244296075699864,0.01085557516604041
119,540.0,526.0,2018-05-14,0.007833020637898707,0.03141422618015799
120,506.5,522.0,2018-05-15,0.003889158969372873,-0.06404481586958255
121,497.55,502.25,2018-05-16,0.019753950790158032,-0.017828269627567117
122,494.3,498.2,2018-05-17,0.004080604534005049,-0.00655343374825712
123,493.95,497.6,2018-05-18,0.0006051132065956995,-0.000708322822430496
124,489.65,493.95,2018-05-21,0.0037108580723871844,-0.008743447323679376
125,481.6,491.95,2018-05-22,0.0020543372194545737,-0.01657695617219268
126,476.35,483.0,2018-05-23,0.00932923333507061,-0.010961015841822963
127,475.05,478.8,2018-05-24,0.004403208051580425,-0.0027328165000293225
128,481.5,478.7,2018-05-25,0.00010414496979798244,0.013486169585421592
129,491.25,485.65,2018-05-28,0.007114341283652358,0.020046931945290503
130,494.25,491.4,2018-05-29,0.005833713792928525,0.006088298867255482
131,501.2,492.0,2018-05-30,0.0006041079339508887,0.0139637609711869
132,491.15,506.45,2018-05-31,0.01448476343223736,-0.02025564290103432
133,488.85,491.65,2018-06-01,0.015094339622641522,-0.004693886169198969
134,473.85,490.75,2018-06-04,0.0009330292349160038,-0.03116487803547585
135,464.35,467.25,2018-06-05,0.025225418634607127,-0.02025223769418716
136,467.2,465.5,2018-06-06,0.0018762731853757906,0.006118853292000459
137,470.55,471.0,2018-06-07,0.005841431681801286,0.00714479179077987
138,472.15,470.55,2018-06-08,0.0004773522859870464,0.0033945084042805718
139,485.85,475.7,2018-06-11,0.005355935728771232,0.02860320257637028
140,503.2,488.0,2018-06-12,0.012409200968523014,0.035087771100782206
141,491.25,504.0,2018-06-13,0.016076362722933935,-0.024034542202759468
142,481.5,491.0,2018-06-14,0.013367609254498715,-0.020046931945290503
143,469.75,482.9,2018-06-15,0.008502598016060486,-0.024705592944605392
144,479.2,469.95,2018-06-18,0.013643786545856807,0.019917408507664547
145,474.75,476.3,2018-06-19,0.006676830871142445,-0.00932969710884457
146,473.4,477.0,2018-06-20,0.0007365319865319746,-0.002847652612511631
147,472.4,475.0,2018-06-21,0.002111040743086342,-0.0021146127566762374
148,472.4,475.0,2018-06-21,0.0,0.0
149,471.4,473.8,2018-06-22,0.0012695725772323197,-0.0021190938211761434
150,467.2,471.5,2018-06-25,0.0024501970810695763,-0.008949558988013528
151,467.8,465.05,2018-06-26,0.006914294902717466,0.0012834226360611822
152,468.7,468.5,2018-06-27,0.0036811779769526124,0.001922050778581763
153,460.75,467.95,2018-06-28,0.0005922256918272976,-0.017107308378728092
154,456.15,462.05,2018-06-29,0.00642561533434979,-0.01003389375844943
155,458.35,457.75,2018-07-02,0.004693810719353795,0.004811381616302235
156,459.3,458.0,2018-07-03,0.00027253897307314947,0.0020705069239630447
157,460.0,460.0,2018-07-04,0.002173913043478261,0.0015228981513928375
158,461.75,460.45,2018-07-05,0.0004879635653871054,0.0037971295962080376
159,468.7,462.0,2018-07-06,0.0016654131299022362,0.014939285849311368
160,474.6,473.0,2018-07-09,0.011608273533136345,0.012509439073002504
161,475.7,477.95,2018-07-10,0.005190583547423047,0.0023150594365732857
162,468.9,475.1,2018-07-11,0.003019067796610133,-0.014397877342696042
163,479.1,471.55,2018-07-12,0.0037342870667438186,0.02151981779353651
164,471.55,481.0,2018-07-13,0.009920739068815274,-0.015884202899182576
165,459.85,471.8,2018-07-16,0.009874953040304823,-0.025124791641187194
166,464.5,460.0,2018-07-17,0.012763656030286653,0.010061208905185914
167,473.9,468.0,2018-07-18,0.008493470644442086,0.020034770719649764
168,471.0,471.95,2018-07-19,0.004188981388196605,-0.006138234957124844
169,489.6,471.8,2018-07-20,0.0001560224672352582,0.03873063718169867
170,482.95,497.0,2018-07-23,0.025715597734578283,-0.013675602572811307
171,480.15,484.05,2018-07-24,0.013430823480605671,-0.005814573541323753
172,494.35,480.0,2018-07-25,0.004156617232000832,0.029145213259160307
173,489.4,494.0,2018-07-26,0.014236322961155175,-0.01006361733457073
174,508.4,490.0,2018-07-27,0.004006410256410257,0.03808838830672823
175,495.2,507.0,2018-07-30,0.01696268209938136,-0.02630681794491263
176,502.7,493.0,2018-07-31,0.01406045997790499,0.015031849328143387
177,495.75,500.3,2018-08-01,0.007328949349932244,-0.013921803298624802
178,493.1,495.65,2018-08-02,0.004702907711757303,-0.005359774169824583
179,486.4,495.4,2018-08-03,0.0002546343450804645,-0.013680662578122949
180,485.4,489.5,2018-08-06,0.006051902759257336,-0.0020580373594567547
181,478.1,485.85,2018-08-07,0.003786503449349009,-0.015153377660443113
182,468.0,478.1,2018-08-08,0.008191523094810273,-0.021351619714410575
183,465.95,471.0,2018-08-09,0.0075777789636587035,-0.004389963685982323
184,464.9,466.9,2018-08-10,0.004400085855333787,-0.0022560035351260055
185,464.1,465.0,2018-08-13,0.0020449897750511002,-0.0017222824494087519
186,468.1,464.1,2018-08-14,0.000965458056211089,0.008581902058894642
187,461.2,468.0,2018-08-16,0.00419715884631939,-0.01485015991112082
188,461.3,463.4,2018-08-17,0.00497458635233051,0.00021680216887087767
189,462.45,463.85,2018-08-20,0.0004858037352909916,0.0024898524364944663
190,462.3,463.45,2018-08-21,0.0004320820955982005,-0.00032441200608968046
191,467.2,464.7,2018-08-23,0.0013413456379439855,0.010543400519837931
192,462.15,467.0,2018-08-24,0.0024753807243179373,-0.010867917803230931
193,460.8,463.0,2018-08-27,0.004329941545789132,-0.0029254043291047083
194,461.45,461.95,2018-08-28,0.001137102014295009,0.001409596329904339
195,466.25,463.35,2018-08-29,0.001506024096385579,0.010348265246439503
196,466.65,469.95,2018-08-30,0.007046764894298491,0.0008575410537297046
197,461.75,465.0,2018-08-31,0.005341246290801175,-0.01055589293240633
198,460.15,462.1,2018-09-03,0.003144483599891545,-0.0034710957944827925
199,452.9,461.95,2018-09-04,0.00016396130513202616,-0.015881172722697734
200,455.4,450.4,2018-09-05,0.012751159196290584,0.005504803067470476
201,453.8,460.0,2018-09-06,0.010505581089954063,-0.0035195812838972884
202,451.35,454.0,2018-09-07,0.0066272712210747224,-0.00541348060157798
203,450.1,449.0,2018-09-10,0.0055611166722277835,-0.002773311445277038
204,445.95,454.8,2018-09-11,0.00643907854565641,-0.009262942186670564
205,436.6,447.8,2018-09-12,0.007914970601537764,-0.021189393996372097
206,425.55,437.05,2018-09-14,0.012462323208903316,-0.02563499419287396
207,412.95,425.0,2018-09-17,0.014380332955426947,-0.030055929666244374
208,410.65,414.3,2018-09-18,0.012970483059579353,-0.005585250070524239
209,400.1,412.0,2018-09-19,0.0028321635266592925,-0.026026754323011936
210,388.25,400.0,2018-09-21,0.015223596574690771,-0.030065053834393396
211,369.1,390.0,2018-09-24,0.013173494928204452,-0.05058185199284271
212,390.0,368.85,2018-09-25,0.02787112077485666,0.05507912908773882
213,403.6,395.0,2018-09-26,0.0327448034059604,0.034277549355762105
214,404.05,405.75,2018-09-27,0.01327488268708323,0.0011143442000021153
215,391.6,413.95,2018-09-28,0.010179380547452039,-0.031297722023101215
216,388.35,393.6,2018-10-01,0.026024681885030966,-0.008333915790698754
217,379.65,386.4,2018-10-03,0.009398864303896672,-0.022657219206413615
218,372.3,375.8,2018-10-04,0.014169228712738893,-0.019549794780571617
219,366.9,370.0,2018-10-05,0.007870810150631038,-0.014610649517434737
220,369.15,367.5,2018-10-08,0.003393741939862893,0.006113734143937677
221,361.35,371.5,2018-10-09,0.005458142866889541,-0.02135604777618383
222,369.75,363.1,2018-10-10,0.011462100020468005,0.022980083861918743
223,365.75,358.0,2018-10-11,0.007046632124352363,-0.010877061690675482
224,373.25,369.0,2018-10-12,0.01481980464802964,0.020298396519065953
225,368.85,377.0,2018-10-15,0.010726017295702888,-0.011858379088987903
226,376.25,371.25,2018-10-16,0.007692307692307693,0.019863758732773462
227,371.4,380.75,2018-10-17,0.012630459349863725,-0.01297416714447941
228,369.7,369.0,2018-10-19,0.015906321916881006,-0.004587782976019916
229,365.7,374.0,2018-10-22,0.006759497093416249,-0.010878540787250479
230,359.95,365.0,2018-10-23,0.012414649286157665,-0.015848192240023096
231,364.75,369.0,2018-10-24,0.00545144804088586,0.013247054487583121
232,359.85,362.8,2018-10-25,0.008579533660831645,-0.01352490944908169
233,359.8,359.95,2018-10-26,0.00395970823202504,-0.0001389564373805996
234,366.2,362.95,2018-10-29,0.004114379757251594,0.017631310723976945
235,369.8,367.0,2018-10-30,0.0054967426710097874,0.009782686712614286
236,372.3,370.65,2018-10-31,0.004912847432532441,0.006737661925646954
237,372.5,377.5,2018-11-01,0.009133333333333363,0.0005370569409430814
238,386.6,374.7,2018-11-02,0.0036779193484828736,0.0371535289546161
239,399.15,387.9,2018-11-05,0.016771488469601664,0.03194671931757753
240,397.65,400.0,2018-11-06,0.015169560584216164,-0.0037650646886637773
241,403.6,400.0,2018-11-07,0.0,0.01485206707631015
242,401.35,402.0,2018-11-09,0.0024895749050849567,-0.005590423901868036
243,397.75,402.4,2018-11-12,0.0004999062675748013,-0.00901019735969033
244,398.55,396.95,2018-11-13,0.006851037083595209,0.002009293656036526
245,401.45,400.95,2018-11-14,0.004985044865403789,0.007250031756760755
246,397.8,402.7,2018-11-15,0.0021861336664584633,-0.009133626210821255
247,393.4,397.0,2018-11-16,0.007211538461538447,-0.011122460464913608
248,384.0,392.0,2018-11-19,0.006443298969072165,-0.02418435336723146
249,387.05,382.0,2018-11-20,0.013003055718093752,0.007911331062995686
250,390.2,387.0,2018-11-21,0.006433350488934637,0.008105544538287823
251,393.3,391.35,2018-11-22,0.005543873064423657,0.007913251248753639
252,396.15,396.0,2018-11-26,0.005870100359780316,0.0072202479734864156
253,392.95,395.95,2018-11-27,6.337938902270423e-05,-0.008110550099066138
254,394.75,393.95,2018-11-28,0.002535818435400025,0.004570275823566838
255,392.7,395.1,2018-11-29,0.001459761360751503,-0.005206691551787657
256,396.7,393.3,2018-11-30,0.0022784810126582422,0.01013436593632111
257,398.65,396.95,2018-12-03,0.004587732528908971,0.004903511428219431
258,398.7,397.1,2018-12-04,0.00018848957024382272,0.0001254154388048434
259,396.6,394.0,2018-12-05,0.003921072603086292,-0.005281038301613528
260,396.45,394.65,2018-12-06,0.0008216407533813391,-0.0003782863672876502
261,392.55,396.0,2018-12-07,0.0017120030435609952,-0.009886012074143302
262,385.3,388.0,2018-12-10,0.01034527350316824,-0.01864166601215267
263,384.75,380.0,2018-12-11,0.010460934946060804,-0.0014284789131231435
264,393.3,384.8,2018-12-12,0.00616887289551473,0.02197890671877545
265,387.2,395.0,2018-12-13,0.013040143185885948,-0.01563132403534251
266,394.1,389.0,2018-12-14,0.007661856723279274,0.017663328798536604
267,393.2,396.55,2018-12-17,0.00955998733776513,-0.0022862959279468242
268,392.5,392.05,2018-12-18,0.00573577209865528,-0.0017818510505485108
269,387.55,394.4,2018-12-19,0.0030053072447086973,-0.012691664494941968
270,387.2,386.8,2018-12-20,0.00981912144702838,-0.0009035173250993012
271,385.2,388.0,2018-12-21,0.0015519917227107974,-0.005178675478450856
272,385.1,385.0,2018-12-24,0.0038955979742890533,-0.00025963910310711213
273,384.8,383.0,2018-12-26,0.0026048450117218025,-0.0007793220293121905
274,390.6,386.7,2018-12-27,0.004760066898237474,0.014960299651026965
275,387.35,391.4,2018-12-28,0.006035313001605122,-0.00835534136466709
276,387.15,388.0,2018-12-31,0.004386247823001971,-0.0005164622451783174
277,386.4,387.8,2019-01-01,0.00025833118057348053,-0.0019391124943703986
278,391.15,385.95,2019-01-02,0.002380645991506914,0.012218015792726966
279,391.3,392.65,2019-01-03,0.008546463422412129,0.0003834110852771744
280,393.5,392.0,2019-01-04,0.0008274984086568775,0.005606538641091063
281,393.05,394.5,2019-01-07,0.0031744016252936323,-0.001144237617691779
282,394.7,392.9,2019-01-08,0.0020314880650076474,0.004189152429035836
283,396.0,392.7,2019-01-09,0.0002535818435399881,0.0032882285856787874
284,406.7,396.65,2019-01-10,0.004916910437542776,0.026661601658697798
285,406.6,408.6,2019-01-11,0.014658979391560408,-0.00024591171893195707
286,392.05,405.05,2019-01-14,0.004453644461171762,-0.03644051851731511
287,387.5,392.1,2019-01-15,0.01661108260646484,-0.01167353388352943
288,387.5,386.4,2019-01-16,0.0073652926734720835,0.0
289,390.85,387.5,2019-01-17,0.0014132459690370947,0.008608005872937419
290,383.7,391.0,2019-01-18,0.0045178778882147925,-0.018462857413432232
291,383.85,383.9,2019-01-21,0.009247802018886387,0.00039085402100091926
292,383.85,384.9,2019-01-22,0.0013008130081300813,0.0
293,373.35,385.0,2019-01-23,0.00013186523373115677,-0.027735533792196954
294,361.2,371.2,2019-01-24,0.018842162752594226,-0.03308449593888074
295,359.4,363.95,2019-01-25,0.010022810534319486,-0.004995847193371539
296,367.3,361.0,2019-01-28,0.0040505286283124935,0.02174297847616291
297,360.3,366.45,2019-01-29,0.007499140006879929,-0.019241935071574012
298,370.4,362.3,2019-01-30,0.005663982530367104,0.02764648501797673
299,371.6,373.0,2019-01-31,0.014370131614289535,0.0032345041676586916
300,375.45,372.85,2019-02-01,0.00020045436322327579,0.01030729960621013
301,376.2,372.55,2019-02-04,0.0004006677796327364,0.001995610321036345
302,376.25,375.0,2019-02-05,0.0032612312811979884,0.0001328991961555559
303,369.6,376.25,2019-02-06,0.0016759402024535764,-0.017832476295556177
304,368.4,370.0,2019-02-07,0.008464247020585049,-0.0032520353863771945
305,365.05,368.3,2019-02-08,0.00231812913342877,-0.009134973879056929
306,356.6,365.8,2019-02-11,0.0034606866002214833,-0.023419625073054284
307,353.35,355.3,2019-02-12,0.014816905383475621,-0.009155638292177137
308,359.25,355.5,2019-02-13,0.00027981811822313905,0.01655945782227075
309,359.5,358.0,2019-02-14,0.003484320557491289,0.0006956522019674338
310,358.5,356.0,2019-02-15,0.0027991602519244225,-0.002785517121426828
311,350.6,359.45,2019-02-18,0.004858812759664797,-0.022282687552540814
312,346.3,348.6,2019-02-20,0.015613757375161843,-0.012340521078757938
313,356.85,347.4,2019-02-21,0.0017039403620873915,0.03001007400870037
314,362.5,358.35,2019-02-22,0.015190400221960249,0.01570894887765295
315,354.6,362.95,2019-02-25,0.0064107030868928525,-0.022034080654621313
316,353.7,351.0,2019-02-26,0.016957570597417322,-0.0025412974286727064
317,350.05,355.3,2019-02-27,0.006096264265967266,-0.010373094788228343
318,352.25,351.85,2019-02-28,0.004899872177247534,0.006265149355582977
319,362.95,351.8,2019-03-01,6.995452955580464e-05,0.02992393295205975
320,376.3,360.1,2019-03-05,0.011271048343291703,0.03612161386854229
321,390.05,379.8,2019-03-06,0.025589400532571263,0.035888238434930386
322,391.1,390.6,2019-03-07,0.013816041959831151,0.0026883457271464906
323,391.7,389.1,2019-03-08,0.0019211065573770494,0.001532958910316573
324,390.5,391.0,2019-03-11,0.002431222008957105,-0.003068271392044686
325,371.55,367.55,2019-03-12,0.031727777026112826,-0.049744524676262
326,366.15,367.5,2019-03-13,6.815238874124088e-05,-0.014640359096399713
327,366.6,369.5,2019-03-14,0.0027170221437304715,0.0012282498985261014
328,370.1,367.0,2019-03-15,0.003391670058336725,0.009501903986505411
329,367.45,372.0,2019-03-18,0.006761782405842179,-0.0071859844172301734
330,364.15,368.0,2019-03-19,0.005463361333060165,-0.009021384310956115
331,363.95,364.0,2019-03-20,0.0054948828903084,-0.0005493750996574676
332,363.05,364.3,2019-03-22,0.0004124561765312592,-0.002475929738010585
333,359.25,360.9,2019-03-25,0.004721238630840845,-0.010522040867122051
334,369.55,362.2,2019-03-26,0.0017765630338230426,0.0282675242717616
335,371.7,370.05,2019-03-27,0.010583080552746912,0.005801028072310643
336,371.55,371.95,2019-03-28,0.002555480833893715,-0.0004036326997276518
337,378.5,372.75,2019-03-29,0.001064891846921812,0.018532628274024354
338,383.85,378.2,2019-04-01,0.007151761695426795,0.014035778396404908
339,380.25,384.45,2019-04-02,0.008173139793383025,-0.009422920134506185
340,384.65,380.6,2019-04-03,0.005031035609277969,0.011504898765541505
341,378.3,385.15,2019-04-04,0.0059597878053572,-0.01664629826596009
342,386.2,380.0,2019-04-05,0.006721482641607905,0.020667838355430845
343,385.4,387.9,2019-04-08,0.010215957584378607,-0.002073614014148184
344,381.75,386.0,2019-04-09,0.0024747639205470236,-0.009515811881524172
345,377.05,381.75,2019-04-10,0.005600948866631524,-0.012388139450085767
346,394.1,378.65,2019-04-11,0.004011646716273081,0.0442268795523022
347,405.35,396.05,2019-04-12,0.02171200399301227,0.028146207232758513
348,405.45,407.4,2019-04-15,0.013963215845481906,0.00024666995684974324
349,408.55,407.1,2019-04-16,0.0003678048182430632,0.007616744440150036
350,406.35,409.35,2019-04-18,0.0027583670467083484,-0.005399448631502324
351,397.25,405.0,2019-04-22,0.0054222499220941385,-0.02264905178238852
352,397.8,399.1,2019-04-23,0.0074036892960220564,0.001383561003046374
353,400.0,397.6,2019-04-24,0.001880641925777332,0.005515180688109744
354,399.1,400.8,2019-04-25,0.004000500062507799,-0.0022525350532935917
355,399.65,399.1,2019-04-26,0.0021283255086071845,0.0013771520173397889
356,404.55,400.0,2019-04-30,0.0011186377478093062,0.012186174181820775
357,417.2,405.45,2019-05-02,0.00662493162341213,0.03079038487276886
358,414.25,402.0,2019-05-03,0.004226646248085744,-0.007096066819944902
359,411.1,411.6,2019-05-06,0.011668895101495104,-0.007633162402839844
360,409.25,412.0,2019-05-07,0.0004870624048705964,-0.004510277652588712
361,410.25,407.7,2019-05-08,0.0052570450516535375,0.002440513718956261
362,409.55,411.0,2019-05-09,0.004021692767046507,-0.0017077340085895898
363,410.05,410.4,2019-05-10,0.0007313059906149342,0.0012201075208091439
364,402.65,409.95,2019-05-13,0.0005537779965542563,-0.01821140524086573
365,391.05,396.7,2019-05-14,0.01682005712472231,-0.02923226919393329
366,388.3,390.55,2019-05-15,0.007896257302433044,-0.0070571923099995715
367,379.9,387.95,2019-05-16,0.0033860780100280303,-0.021870176544041442
368,382.55,379.75,2019-05-17,0.010756919847828925,0.0069513034842811905
369,397.05,394.0,2019-05-20,0.01801403198280766,0.03720285366335929
370,403.2,400.0,2019-05-21,0.00747011952191235,0.01537049941593871
371,398.1,404.0,2019-05-22,0.004986909362922329,-0.012729486750887808
372,406.3,405.0,2019-05-23,0.001232589670898558,0.020388572987410036
373,422.6,409.0,2019-05-27,0.00481000481000481,0.039334302188275494
374,424.95,424.0,2019-05-28,0.017668885093350607,0.005545409762678588
375,425.65,425.0,2019-05-29,0.0011755716217010522,0.0016458973854307501
376,435.6,425.0,2019-05-30,0.0,0.023106978728739236
377,441.65,437.0,2019-05-31,0.013657315199453708,0.01379332213233564
378,444.0,442.0,2019-06-03,0.0056433408577878106,0.005306849241083711
379,442.7,442.5,2019-06-04,0.0005648441030275643,-0.002932222694129294
380,442.25,441.15,2019-06-06,0.0015281865519583685,-0.0010170066982011505
381,451.4,444.95,2019-06-07,0.00423941540692811,0.020478531343541384
382,450.15,453.0,2019-06-10,0.008913248076177835,-0.0027730038289499603
383,445.3,450.0,2019-06-11,0.0033508321233106223,-0.010832648226829278
384,440.95,446.0,2019-06-12,0.004509837082135408,-0.009816721993466615
385,452.0,444.8,2019-06-13,0.00133809099018732,0.024750689498041822
386,448.15,454.7,2019-06-14,0.0109652766240239,-0.008554182028860602
387,443.35,449.5,2019-06-17,0.005824046592372726,-0.010768471977354643
388,441.7,443.35,2019-06-18,0.006948759957064547,-0.0037286072235351853
389,437.15,443.0,2019-06-19,0.00039765948985970886,-0.01035453297558142
390,440.45,436.05,2019-06-20,0.007929264118653724,0.007520545928905165
391,438.15,438.1,2019-06-21,0.00233951497860201,-0.005235614053945348
392,438.15,438.1,2019-06-21,0.0,0.0
393,440.1,438.55,2019-06-24,0.0005121493199795011,0.004440656315185976
394,437.5,440.1,2019-06-25,0.0017661804922516082,-0.0059252680193768725
395,441.75,438.0,2019-06-26,0.002387041773231057,0.009667405402137064
396,455.15,443.9,2019-06-27,0.0065624826205438825,0.02988292375149193
397,469.5,471.0,2019-07-01,0.028814460393407786,0.031041263697019872
398,469.8,469.0,2019-07-02,0.002130379207498935,0.0006387735764947777
399,479.25,471.9,2019-07-03,0.003048940755927012,0.019915309700941464
400,489.1,481.5,2019-07-04,0.009890789202555143,0.020344585619557876
401,473.75,491.2,2019-07-05,0.01005233431784029,-0.031887211148675654
402,462.75,463.7,2019-07-08,0.029683199309190996,-0.023492804943028744
403,455.75,465.4,2019-07-09,0.001845519187971545,-0.015242537894835095
404,455.75,458.0,2019-07-10,0.008098495212038278,0.0
405,467.8,459.75,2019-07-11,0.0018866907444342624,0.026096440591306447
406,481.75,471.0,2019-07-12,0.011807924429283653,0.02938445314439697
407,491.1,482.15,2019-07-15,0.011456460313382972,0.019222465750723394
408,491.05,493.4,2019-07-16,0.011427700746609782,-0.00010181744141579685
409,497.15,492.3,2019-07-17,0.0011117287381878476,0.0123458358222992
410,503.55,498.8,2019-07-18,0.006484760812091585,0.012791220668071368
411,487.6,506.0,2019-07-19,0.007246376811594192,-0.032187614487037663
412,490.65,485.85,2019-07-22,0.02063492063492061,0.006235645045386207
413,508.55,491.0,2019-07-23,0.005152318543344483,0.035832496419103244
414,499.55,511.9,2019-07-24,0.020663404023926024,-0.01785584589257816
415,501.2,498.85,2019-07-25,0.013049347532623323,0.0032975298428858935
416,499.1,504.7,2019-07-26,0.005827854154213953,-0.004198746546349774
417,485.35,499.8,2019-07-29,0.004973861848449451,-0.027936196317328132
418,483.1,487.1,2019-07-30,0.013090084518655934,-0.004646608597874469
419,493.5,481.2,2019-07-31,0.006053144557299717,0.021299187313175594
420,487.95,493.0,2019-08-01,0.012029155410571396,-0.011309917286066451
421,494.35,488.95,2019-08-02,0.004118783687582642,0.013030826755671576
422,487.15,491.5,2019-08-05,0.002605630204874073,-0.014671684471791124
423,512.1,485.05,2019-08-06,0.006468435039863599,0.04994783459715446
424,518.1,517.0,2019-08-07,0.03086658293884648,0.011648355352237516
425,522.9,541.4,2019-08-08,0.022925866766889014,0.009221967373342466
426,526.75,524.3,2019-08-09,0.016269444840873434,0.007335811490213118
427,519.35,529.7,2019-08-13,0.005147514417806673,-0.014148023010477573
428,517.0,487.5,2019-08-14,0.04201095072175216,-0.00453515516539138
429,540.15,515.0,2019-08-16,0.0260626451215467,0.04380400425456443
430,524.55,545.7,2019-08-19,0.02868488670871296,-0.02930612658549947
431,527.9,526.0,2019-08-20,0.018692475566941875,0.006366119652076563
432,530.7,530.0,2019-08-21,0.0037710945601960966,0.005290018004278529
433,528.45,533.95,2019-08-22,0.0037179969879518496,-0.004248696378493122
434,517.2,530.0,2019-08-23,0.0037719633307869036,-0.021518546557653728
435,526.4,529.75,2019-08-26,0.00023670880083321495,0.017631733113405268
436,555.2,535.0,2019-08-27,0.004815630159603742,0.0532670291814874
437,547.7,556.9,2019-08-28,0.01982618142313958,-0.013600717402919571
438,541.7,544.25,2019-08-29,0.011648786776555068,-0.011015349125822027
439,557.15,542.0,2019-08-30,0.00204703634626757,0.028122160829209264
440,536.75,551.4,2019-09-03,0.00863851491062811,-0.03730206673417236
441,535.65,539.0,2019-09-04,0.011538640487600591,-0.002051474050323243
442,528.5,538.8,2019-09-05,0.0001873887379368926,-0.013438157398274697
443,529.9,531.9,2019-09-06,0.006498398945187396,0.0026455041884236863
444,530.9,534.0,2019-09-09,0.0019720161517513594,0.0018853700909096105
445,537.9,533.7,2019-09-11,0.0002799552071668109,0.01309898968957146
446,537.85,539.95,2019-09-12,0.005798849508257561,-9.295840118284104e-05
447,540.4,538.7,2019-09-13,0.0011583727180057455,0.0047298952080296885
448,537.65,537.0,2019-09-16,0.0015819103894291586,-0.00510181524950859
449,530.7,538.6,2019-09-17,0.0014963059945759117,-0.013010901002686204
450,539.1,533.85,2019-09-18,0.004427046926697422,0.015704192623774205
451,532.45,540.7,2019-09-19,0.006383077854913127,-0.012412085996230893
452,563.85,536.0,2019-09-20,0.004273309996817789,0.05729926221690462
453,540.75,564.0,2019-09-23,0.02534510070151618,-0.04183119384512857
454,551.05,541.1,2019-09-24,0.020967815776221192,0.018868484304382704
455,557.85,551.8,2019-09-25,0.009642680124363475,0.012264559901637995
456,569.3,556.9,2019-09-26,0.004528502930207799,0.020317426917847214
457,582.3,567.1,2019-09-27,0.00887419523229515,0.022578242886037714
458,601.15,585.0,2019-09-30,0.015090840112970514,0.03185870857784412
459,598.2,604.2,2019-10-01,0.015968063872255526,-0.004919341225070539
460,592.9,596.3,2019-10-03,0.00664312142616893,-0.008899395482525385
461,584.45,593.25,2019-10-04,0.002589793665619389,-0.014354516659542682
462,575.45,584.5,2019-10-07,0.007543428596060175,-0.015518890639279803
463,580.5,575.2,2019-10-09,0.008047071039196984,0.008737457723446695
464,583.8,577.5,2019-10-10,0.0019805390510634242,0.0056686572820678904
465,590.65,585.0,2019-10-11,0.006379449666142133,0.01166516697451403
466,582.3,586.0,2019-10-14,0.0008559445347941454,-0.014237846551454325
467,592.75,581.0,2019-10-15,0.004259850905218318,0.017786946102440915
468,610.6,594.8,2019-10-16,0.011448481831757054,0.029669355355262717
469,615.15,612.95,2019-10-17,0.014778926797492136,0.007424060205400096
470,608.45,615.7,2019-10-18,0.002246456725074541,-0.010951400723368643
471,611.3,609.95,2019-10-22,0.004708290685772774,0.00467309725187004
472,607.85,614.8,2019-10-23,0.003966793440477576,-0.005659696032876305
473,615.35,609.9,2019-10-24,0.0039991838400326276,0.012263070616542748
474,610.5,617.4,2019-10-25,0.00610798924993892,-0.007912918067586538
475,619.65,614.9,2019-10-27,0.0020250293629257626,0.014876508960123935
476,610.75,620.85,2019-10-29,0.004831113998051352,-0.014467092373033452
477,632.45,581.2,2019-10-30,0.03267004490586246,0.03491345595570117
478,626.2,636.9,2019-10-31,0.04409785448499718,-0.009931357201245383
479,612.7,626.0,2019-11-01,0.00879954791313472,-0.021794389160696426
480,593.3,612.5,2019-11-04,0.011195886548349644,-0.03217524646701175
481,583.65,596.0,2019-11-05,0.013987199593099646,-0.016398685165925464
482,584.95,584.0,2019-11-06,0.010265622994995508,0.0022248853949387026
483,580.15,587.9,2019-11-07,0.0033388981636059906,-0.00823968270005615
484,567.9,580.0,2019-11-08,0.006882132589946839,-0.02134134391016751
485,571.0,569.95,2019-11-11,0.008808449099434642,0.005443862772623653
486,589.15,572.0,2019-11-13,0.001765491107953283,0.03129161050333895
487,586.35,592.5,2019-11-14,0.0173898290707045,-0.004763939252275584
488,577.5,588.35,2019-11-15,0.0035596346013637924,-0.015208438511125522
489,570.45,574.95,2019-11-18,0.011698969792212306,-0.012282919353570065
490,570.7,571.0,2019-11-19,0.003459752999912451,0.0004381545002845044
491,574.7,572.0,2019-11-20,0.0008720676724513821,0.0069844879710334595
492,589.25,576.4,2019-11-21,0.0037747179685154006,0.025002376302544427
493,586.4,591.8,2019-11-22,0.01307078594466133,-0.0048483912437990995
494,597.8,585.85,2019-11-25,0.005026823807713371,0.019254099277396186
495,597.6,600.0,2019-11-26,0.011815297261189026,-0.0003346160312300839
496,584.95,598.1,2019-11-27,0.0016060183424199965,-0.021395260324997167
497,576.2,588.0,2019-11-28,0.008675485311802116,-0.015071550843182457
498,571.5,577.5,2019-11-29,0.009138381201044387,-0.00819033941556313
499,569.4,570.0,2019-12-02,0.006582411795681938,-0.003681308390928173
500,584.75,572.6,2019-12-03,0.0022465114269667975,0.02660123062035158
501,583.65,584.9,2019-12-04,0.010525865388729584,-0.001882917365616521
502,575.9,585.45,2019-12-05,0.0004735867740130609,-0.013367453586044853
503,575.0,577.75,2019-12-06,0.006679679028410363,-0.0015639937152762684
504,572.5,576.7,2019-12-09,0.0009136790810998559,-0.004357305368955622
505,570.5,577.15,2019-12-10,0.0003921056071101222,-0.003499566126264675
506,572.5,573.4,2019-12-11,0.003272536870582075,0.003499566126264675
507,582.9,576.75,2019-12-12,0.0028888026559738046,0.018002909623109353
508,588.9,585.7,2019-12-13,0.0076196151881491965,0.010240744899020271
509,592.1,588.5,2019-12-16,0.0023716754192782945,0.005419149587205574
510,595.6,595.15,2019-12-17,0.0055847155154314316,0.005893761272123932
511,601.5,599.0,2019-12-18,0.0032069970845481238,0.00985723460487975
512,605.25,602.0,2019-12-19,0.0024849865396562435,0.006215060403434336
513,612.7,606.0,2019-12-20,0.003282185935833265,0.012233823913440744
514,616.15,615.1,2019-12-23,0.007390862944162455,0.005615020652522951
515,625.3,618.1,2019-12-24,0.002412739263310278,0.014741094189120396
516,635.6,627.9,2019-12-26,0.007756232686980573,0.01633790008930891
517,631.4,639.0,2019-12-27,0.00873740554156173,-0.006629858538669708
518,636.15,632.7,2019-12-30,0.00496512590140675,0.007494808464818092
519,626.05,637.9,2019-12-31,0.0041140867914078345,-0.016004144473752646
520,621.45,623.0,2020-01-01,0.011973160834103401,-0.00737478292343674
521,634.25,622.7,2020-01-02,0.00023867297824094397,0.020387741287870575
522,630.7,631.0,2020-01-03,0.006578425933264607,-0.005612884809785612
523,619.55,627.4,2020-01-06,0.002887044388307489,-0.01783690560710305
524,629.95,623.6,2020-01-07,0.0030313908499860027,0.016647043094137004
525,628.85,622.0,2020-01-08,0.0012791301914698188,-0.0017476966634744073
526,631.5,635.0,2020-01-09,0.010264508487958943,0.004205187297380952
527,623.1,632.4,2020-01-10,0.002070888092393487,-0.01339092224036964
528,625.4,627.9,2020-01-13,0.0035905210244953326,0.003684425473564623
529,614.25,626.5,2020-01-14,0.0011283497884343964,-0.017989433622452644
530,616.55,614.0,2020-01-15,0.010158059404331397,0.0037374109152512602
531,607.5,624.0,2020-01-16,0.008120178643930167,-0.014787247101835987
532,607.65,607.5,2020-01-17,0.013578570546846067,0.00024688310210585485
533,598.25,611.0,2020-01-20,0.002894356005788712,-0.015590331528326118
534,602.0,595.7,2020-01-21,0.012774484428487897,0.006248718520337704
535,612.75,604.9,2020-01-22,0.007555537305465389,0.01769957709940151
536,616.0,614.3,2020-01-23,0.007640412907420936,0.005289941125297126
537,607.25,607.9,2020-01-24,0.005266839484837244,-0.01430639565123748
538,599.7,604.8,2020-01-27,0.002573682025736839,-0.01251103770781814
539,603.75,601.0,2020-01-28,0.003154181365428474,0.006730674792319036
540,605.05,605.95,2020-01-29,0.00408753096614372,0.0021508942772783257
541,600.45,605.9,2020-01-30,4.144734115312158e-05,-0.007631725137368761
542,599.2,603.1,2020-01-31,0.002328869666472556,-0.0020839419036828843
543,562.4,598.2,2020-02-01,0.004221954161640512,-0.06338209170655418
544,565.3,553.0,2020-02-03,0.040418492354466644,0.005143223184790102
545,573.1,568.0,2020-02-04,0.013145210761545878,0.013703657876446229
546,583.45,574.4,2020-02-05,0.005527486289242974,0.01789853669442465
547,593.65,587.0,2020-02-06,0.010672087409477848,0.017331161859685196
548,595.7,593.5,2020-02-07,0.00546585940127817,0.0034472645228404986
549,588.05,596.0,2020-02-10,0.002111397322748195,-0.012925206337596862
550,583.5,589.75,2020-02-11,0.005327082889409759,-0.0077675265704346685
551,578.35,585.6,2020-02-12,0.0035654452510846487,-0.008865229985199896
552,577.2,576.5,2020-02-13,0.00788766577099768,-0.0019903948416946093
553,573.95,578.9,2020-02-14,0.0020817972849893544,-0.005646542388210385
554,565.9,574.9,2020-02-17,0.003506311360448808,-0.014124900363027493
555,562.6,564.8,2020-02-18,0.008958665957069383,-0.005848488092721205
556,579.1,565.9,2020-02-19,0.0009606986899563518,0.028906278175987232
557,579.1,565.9,2020-02-19,0.0,0.0
558,579.1,565.9,2020-02-19,0.0,0.0
559,579.1,565.9,2020-02-19,0.0,0.0
560,579.1,565.9,2020-02-19,0.0,0.0
561,579.1,565.9,2020-02-19,0.0,0.0
562,579.1,565.9,2020-02-19,0.0,0.0
563,579.1,565.9,2020-02-19,0.0,0.0
564,579.1,565.9,2020-02-19,0.0,0.0
565,573.5,582.1,2020-02-20,0.014018691588785086,-0.009717237662318468
566,560.8,572.25,2020-02-24,0.008693349808040266,-0.022393600849045292
567,569.5,570.0,2020-02-25,0.0019745502413339184,0.015394447166856118
568,557.05,565.3,2020-02-26,0.004187642001158324,-0.02210378038191063
569,566.7,559.0,2020-02-27,0.00559651772230608,0.017175060670247433
570,544.1,554.0,2020-02-28,0.0045533193698206,-0.04069700968369361
571,554.5,555.0,2020-03-02,0.0009013068949977468,0.0189337532985423
572,563.5,560.0,2020-03-03,0.004450378282153983,0.0161005266894092
573,563.5,560.0,2020-03-03,0.0,0.0
574,563.5,560.0,2020-03-03,0.0,0.0
575,563.5,560.0,2020-03-03,0.0,0.0
576,563.5,560.0,2020-03-03,0.0,0.0
577,563.5,560.0,2020-03-03,0.0,0.0
578,563.5,560.0,2020-03-03,0.0,0.0
579,568.6,567.4,2020-03-04,0.006514084507042234,0.009009865737068523
580,568.6,567.4,2020-03-04,0.0,0.0
581,568.6,567.4,2020-03-04,0.0,0.0
582,568.6,567.4,2020-03-04,0.0,0.0
583,568.6,567.4,2020-03-04,0.0,0.0
584,568.6,567.4,2020-03-04,0.0,0.0
585,568.6,567.4,2020-03-04,0.0,0.0
586,564.95,572.0,2020-03-05,0.004045912309248448,-0.006439967561644444
587,548.15,541.0,2020-03-06,0.028462562548776566,-0.030188259534706496
588,517.65,538.0,2020-03-09,0.0028418509922796377,-0.057249633908426745
589,513.55,515.0,2020-03-11,0.02236157697729814,-0.007951942600309181
590,472.9,495.0,2020-03-12,0.020663291662361815,-0.08246344596198263
591,507.15,435.0,2020-03-13,0.0636841267314122,0.06992286817217419
592,474.2,494.0,2020-03-16,0.06093782276389176,-0.06717764419069905
593,464.95,475.0,2020-03-17,0.02021384116176392,-0.019699300707099354
594,419.45,465.0,2020-03-18,0.011306461642828875,-0.10298554363190249
595,416.95,385.35,2020-03-19,0.09927707839960112,-0.005978018759309478
596,418.1,425.1,2020-03-20,0.047141840607210626,0.0027543278295256712
597,342.3,377.5,2020-03-23,0.06612948041122538,-0.20003309282637982
598,391.3,362.0,2020-03-24,0.0205761316872428,0.1337869836802268
599,434.3,390.0,2020-03-25,0.033968215455538034,0.10426101032440993
600,477.45,448.0,2020-03-26,0.06267221351774811,0.09472390285543497
601,441.0,450.2,2020-03-27,0.0024685816876121956,-0.07941456694936555
602,412.5,432.0,2020-03-30,0.02155121373593841,-0.06680866967211063
603,441.35,429.0,2020-03-31,0.003446889182512782,0.06760200569150676
604,429.9,438.1,2020-04-01,0.010483870967741962,-0.02628558796400604
605,422.3,428.5,2020-04-03,0.011283497884344174,-0.017836661562338207
606,470.5,436.9,2020-04-07,0.009257218426272843,0.10807999708553684
607,476.6,464.95,2020-04-08,0.02979130157718657,0.012881605639207372
608,472.25,488.9,2020-04-09,0.024918066899027196,-0.009169058283022835
609,477.8,473.0,2020-04-13,0.01672275978123683,0.011683728510090141
610,471.7,481.7,2020-04-15,0.009125235997482682,-0.012849044601493276
611,489.7,470.0,2020-04-16,0.012191309784307583,0.03744976841805592
612,495.5,505.0,2020-04-17,0.03498250874562719,0.011774395061770804
613,508.3,503.7,2020-04-20,0.0012845849802371654,0.02550447068281425
614,496.35,496.0,2020-04-21,0.007759359097092748,-0.023790501417126464
615,503.65,499.5,2020-04-22,0.0034890096196979513,0.014600259352959277
616,488.5,505.0,2020-04-23,0.0055359838953195776,-0.030542110905852127
617,453.35,478.25,2020-04-24,0.028714040360669813,-0.07467501739077242
618,484.75,459.0,2020-04-27,0.020397350993377483,0.06696884003069581
619,486.15,495.0,2020-04-28,0.03669163736431738,0.002883924132905058
620,492.85,488.0,2020-04-29,0.007136667176428608,0.013687649855781636
621,501.05,500.0,2020-04-30,0.011987413216123071,0.016501028392889694
622,478.95,489.0,2020-05-04,0.011364223358644558,-0.04510968867543674
623,477.55,483.0,2020-05-05,0.00624642132111811,-0.002927341348153867
624,491.0,478.0,2020-05-06,0.005159958720330237,0.02777526131377339
625,494.55,489.7,2020-05-07,0.011887223774447538,0.0072041303913295
626,520.05,499.7,2020-05-08,0.009806325079676392,0.0502767026132922
627,525.2,529.75,2020-05-11,0.02848476231101001,0.009854181629498804
628,526.8,521.45,2020-05-12,0.007917958502265638,0.0030418274404846457
629,516.75,533.0,2020-05-13,0.011002619671350277,-0.0192617713072476
630,495.0,515.0,2020-05-14,0.01782178217821782,-0.04300143599318762
631,487.3,499.1,2020-05-15,0.01611922141119219,-0.015677812719229856
632,469.35,487.3,2020-05-18,0.012334709663931439,-0.03753119106645997
633,471.75,475.0,2020-05-19,0.012991814100871414,0.005100425465658809
634,479.25,474.15,2020-05-20,0.0008915460457310917,0.015773197677094508
635,493.8,480.0,2020-05-21,0.006007393715341983,0.029908194985325487
636,494.75,493.0,2020-05-22,0.013161225006327512,0.0019220075715962182
637,507.45,502.0,2020-05-26,0.008915746198424885,0.025345599412151643
638,503.3,506.8,2020-05-27,0.004752004752004763,-0.008211770112512617
639,516.8,506.0,2020-05-28,0.0007821666014861277,0.0264695386860776
640,523.2,516.4,2020-05-29,0.01000384763370525,0.012307847674597028
641,516.1,521.0,2020-06-01,0.004435444990839864,-0.013663254988308005
642,499.7,516.0,2020-06-02,0.004922713399625874,-0.03229262680452205
643,501.35,502.1,2020-06-03,0.013852209875928025,0.0032965416197754394
644,517.6,521.15,2020-06-04,0.018339350180505372,0.031898283216756695
645,516.25,517.6,2020-06-05,0.003433766987473961,-0.002611598911448354
646,522.05,520.0,2020-06-08,0.0023031524399020945,0.011172224460876734
647,506.85,525.0,2020-06-09,0.00484566555216359,-0.029548266907711174
648,501.7,507.45,2020-06-10,0.017390873507407235,-0.010212770338201338
649,501.65,500.0,2020-06-11,0.007437727749213786,-9.966611858569507e-05
650,502.3,488.0,2020-06-12,0.012117540139351712,0.0012948853843779418
651,499.9,507.9,2020-06-15,0.01974598134550504,-0.004789472336474532
652,505.7,505.0,2020-06-16,0.002869298505985928,0.011535529666412359
653,500.4,506.0,2020-06-17,0.0009936406995230524,-0.01053582949318077
654,515.95,500.0,2020-06-18,0.005905802450908017,0.030602082968966826
655,521.1,517.95,2020-06-19,0.01727539579423516,0.009932100353445605
656,520.4,524.95,2020-06-22,0.0066963218060936535,-0.0013442152768190496
657,537.05,524.25,2020-06-23,0.0006595684537831391,0.031493453405706084
658,527.25,542.7,2020-06-24,0.01724379643908598,-0.018416380685171596
659,538.4,520.0,2020-06-25,0.021447467876039347,0.02092695897163388
660,541.9,541.4,2020-06-26,0.019754453983199464,0.006479704241550088
661,537.2,543.5,2020-06-29,0.0019431849727028986,-0.008711017922985675
662,549.0,540.5,2020-06-30,0.0027535566773749425,0.021727976860447917
663,549.65,555.55,2020-07-01,0.013617444806369849,0.0011832705153418388
664,547.95,549.5,2020-07-02,0.005512779625495425,-0.0030976701154710184
665,572.15,564.95,2020-07-03,0.013587195497317779,0.04321715285432237
666,584.7,581.0,2020-07-06,0.013768551085184828,0.02169770041790109
667,582.6,589.7,2020-07-07,0.007421308538769977,-0.00359805065629093
668,581.95,581.5,2020-07-08,0.007048003781855727,-0.0011163111373484469
669,585.2,584.1,2020-07-09,0.002223552552809392,0.005569135757983901
670,592.5,586.0,2020-07-10,0.0016122189223589116,0.01239720386331733
671,600.3,593.95,2020-07-13,0.006656897634498678,0.013078657248510872
672,598.45,592.5,2020-07-14,0.001217515428859352,-0.003086550938418142
673,594.8,600.0,2020-07-15,0.006277201205222632,-0.006117764733379438
674,599.85,594.0,2020-07-16,0.005025757004648825,0.008454409374937022
675,614.5,600.8,2020-07-17,0.0055953262568912655,0.024129305045152982
676,616.45,619.7,2020-07-20,0.01528940662540961,0.00316828730847174
677,627.45,622.0,2020-07-21,0.0018408099563807711,0.017686770241755134
678,609.65,627.0,2020-07-22,0.004043181174948449,-0.028778964550043362
679,622.7,610.95,2020-07-23,0.013010173063672803,0.02117983987213279
680,622.4,617.0,2020-07-24,0.004881394223011097,-0.0004818890142246346
681,633.45,624.6,2020-07-27,0.0060410953459719575,0.017598097183880945
682,640.5,636.0,2020-07-28,0.008930669800235,0.01106805128872601
683,637.75,640.5,2020-07-29,0.0035204380989634267,-0.004302764314867424
684,635.1,639.95,2020-07-30,0.00043135563311239125,-0.004163890212991461
685,627.1,628.7,2020-07-31,0.008958432871476348,-0.012676449259954481
686,603.0,624.0,2020-08-03,0.003830480847595799,-0.03918882082178943
687,614.15,605.2,2020-08-04,0.01541805060072986,0.01832200125791772
688,605.0,616.45,2020-08-05,0.009210364730443326,-0.01501073995426161
689,606.9,608.4,2020-08-06,0.006623878877643437,0.0031355748109671566
690,606.95,607.9,2020-08-07,0.0004115734452813105,8.238250200331976e-05
691,608.85,616.0,2020-08-10,0.006613054659754275,0.0031255166092041264
692,608.75,609.85,2020-08-11,0.005046774987690774,-0.00016425755621707339
693,608.75,609.0,2020-08-12,0.0006980086224594726,0.0
694,599.75,610.0,2020-08-13,0.0008266170696424882,-0.014894772676995238
695,587.75,600.0,2020-08-14,0.008419280151547043,-0.020211214299624913
696,589.1,591.4,2020-08-17,0.007285048708174521,0.0022942611074627806
697,597.6,590.5,2020-08-18,0.0007575119939398849,0.014325685290965673
698,603.45,600.0,2020-08-19,0.007893971498608168,0.00974155324529935
699,595.05,599.0,2020-08-20,0.0008374858674259872,-0.014017751435458692
700,598.1,599.2,2020-08-21,0.00016704251231942324,0.005112528422063001
701,598.75,599.8,2020-08-24,0.0005006048975845055,0.0010861846746132997
702,599.8,599.0,2020-08-25,0.0006673340006672961,0.0017521175897838859
703,592.05,603.0,2020-08-26,0.00334714028701728,-0.013005175537943003
704,596.05,594.2,2020-08-27,0.007393404746901873,0.006733465387045001
705,589.35,600.0,2020-08-28,0.0048766132761592085,-0.01130432149143168
706,574.8,594.75,2020-08-31,0.004488905989483135,-0.024998080467709016
707,579.3,581.5,2020-09-01,0.011414541695382495,0.007798323897708848
708,580.85,581.4,2020-09-02,8.604000860402042e-05,0.002672069856905601
709,582.2,583.7,2020-09-03,0.0019727249335278053,0.0023214833520386335
710,574.65,570.0,2020-09-04,0.011968724064124444,-0.013052871496754825
711,591.85,576.6,2020-09-07,0.0056485087081176106,0.02949206458513487
712,581.85,593.5,2020-09-08,0.014378695707661529,-0.017040541845816826
713,585.7,588.9,2020-09-09,0.003916226800612994,0.0065950305416508925
714,601.6,589.6,2020-09-10,0.0005876427132303941,0.026785059539893297
715,604.8,608.0,2020-09-11,0.015171503957783623,0.005305052229692464
716,599.45,610.0,2020-09-14,0.0016536442184464013,-0.008885256711660183
717,594.2,601.95,2020-09-15,0.006729925176608247,-0.008796605125155565
718,598.6,594.5,2020-09-16,0.006244237700108998,0.007377632390091371
719,591.85,593.1,2020-09-17,0.0011814844508206905,-0.01134037101869545
720,585.1,594.0,2020-09-18,0.0007632940378254409,-0.011470451605712917
721,579.35,587.0,2020-09-21,0.0060016290135894036,-0.009875987351118276
722,579.4,576.0,2020-09-22,0.009520512376666089,8.629989217823208e-05
723,580.25,581.25,2020-09-23,0.004520017219113216,0.0014659598192965362
724,577.65,574.8,2020-09-24,0.005596772094234063,-0.004490896225519236
725,577.5,577.3,2020-09-25,0.002164877034984413,-0.00025970653307894054
726,581.2,579.2,2020-09-28,0.00163736642537064,0.006386489300179932
727,570.8,586.8,2020-09-29,0.006565307532826459,-0.01805604609344691
728,559.4,571.8,2020-09-30,0.013260254596888262,-0.020174104834821627
729,569.2,568.0,2020-10-01,0.003341540626099151,0.017367085447837383
730,574.75,572.0,2020-10-05,0.003488118596032265,0.009703297427593682
731,582.05,577.5,2020-10-06,0.004743219352334958,0.012621191050959268
732,578.95,585.0,2020-10-07,0.006443575754972292,-0.005340236635968054
733,583.15,586.5,2020-10-08,0.0012824349164279913,0.007228325078776798
734,573.8,587.0,2020-10-09,0.00043073742246726396,-0.016163539589794773
735,563.4,576.45,2020-10-12,0.009255603807518494,-0.018291048104991603
736,566.7,564.4,2020-10-13,0.010653346300061949,0.005840207733300851
737,572.35,564.9,2020-10-14,0.00043965706748735987,0.00992062918891179
738,561.5,573.0,2020-10-15,0.0071397091229616775,-0.019138918185987563
739,561.15,562.95,2020-10-16,0.008940485721910823,-0.0006235247162322821
740,570.5,565.9,2020-10-19,0.002595916930658159,0.01652491983986515
741,571.0,574.6,2020-10-20,0.0075942737430168,0.0008760403538801143
742,562.7,574.5,2020-10-21,8.793527963420923e-05,-0.01464258321677736
743,561.1,563.0,2020-10-22,0.010230406547460191,-0.002847483682306695
744,564.5,563.0,2020-10-23,0.0,0.006041240832789896
745,578.65,566.75,2020-10-26,0.0032739654269250914,0.024757420704370148
746,587.3,582.9,2020-10-27,0.013801059647923414,0.014837958234386939
747,586.15,590.75,2020-10-28,0.006670065426119485,-0.0019600330106364083
748,586.1,582.0,2020-10-29,0.007490797020803014,-8.530603545331417e-05
749,589.75,590.0,2020-10-30,0.0067810976901886,0.006208294805400527
750,587.5,590.8,2020-11-02,0.0006789442417041115,-0.0038224722694701896
751,599.05,590.4,2020-11-03,0.00033628988187815994,0.019468821067594178
752,594.25,591.1,2020-11-04,0.0005905428776311178,-0.008044960845604798
753,592.05,600.15,2020-11-05,0.007591008220097262,-0.0037090154633379058
754,590.6,593.0,2020-11-06,0.0060408921933085315,-0.0024521214671429092
755,592.85,596.0,2020-11-09,0.002523447028641124,0.003802446594256992
756,609.65,595.0,2020-11-10,0.0008301166313867097,0.02794360610219382
757,623.45,616.95,2020-11-11,0.017695904546920382,0.02238354743632165
758,630.4,623.85,2020-11-12,0.00550129559497706,0.011085969101074511
759,627.5,625.0,2020-11-13,0.0009181636726546725,-0.004610867537730989
760,636.1,638.0,2020-11-14,0.010203280747194099,0.013612112678820232
761,670.05,638.7,2020-11-17,0.0005348615090735782,0.0519965527814783
762,664.8,672.5,2020-11-18,0.025274807447842634,-0.00786609292499918
763,646.05,661.0,2020-11-19,0.008798439233388165,-0.028609343373008578
764,663.9,647.35,2020-11-20,0.010409914204003796,0.027254635556884566
765,661.3,667.2,2020-11-23,0.014941663530297345,-0.0039239410444968925
766,664.15,665.5,2020-11-24,0.0012785319444967062,0.004300432897895057
767,665.1,672.45,2020-11-25,0.00519606743673137,0.0014293777118634665
768,660.8,668.0,2020-11-26,0.0033488862131246582,-0.0064861830836075995
769,646.8,663.7,2020-11-27,0.003281190385349069,-0.021414094503816372
770,641.9,653.25,2020-12-01,0.008068563486854839,-0.007604599385219402
771,636.5,644.0,2020-12-02,0.007223740726278798,-0.008448110320270708
772,647.95,626.1,2020-12-03,0.014049684078332856,0.017829114883961772
773,643.25,652.0,2020-12-04,0.019996139741362655,-0.007280081719569509
774,649.55,645.1,2020-12-07,0.005329625767581954,0.009746364279887842
775,651.5,652.55,2020-12-08,0.005712971128407601,0.0029975811231581773
776,652.6,655.5,2020-12-09,0.0022551792676401236,0.0016869875943203994
777,659.45,656.1,2020-12-10,0.00045608300710731076,0.010441770112673332
778,664.5,663.9,2020-12-11,0.005871725383920471,0.007628723881406785
779,655.75,667.45,2020-12-14,0.0026828899637243563,-0.013255259406316888
780,651.45,659.9,2020-12-15,0.005757425553818636,-0.006578971098043063
781,648.7,655.4,2020-12-16,0.0034506556245686684,-0.004230287429930257
782,654.55,651.0,2020-12-17,0.003370227107349376,0.0089776164070976
783,654.1,656.3,2020-12-18,0.004044566544566509,-0.000687731658940649
784,629.2,646.0,2020-12-21,0.008077164366373867,-0.03881107378304449
785,641.25,630.0,2020-12-22,0.012586037364798427,0.01897022530085657
786,648.6,641.25,2020-12-23,0.008721944412140947,0.011396797388238511
787,657.25,651.7,2020-12-24,0.007983498223767175,0.013248269736773288
788,678.7,661.85,2020-12-28,0.007571519152586607,0.03211474009972193
789,673.2,683.0,2020-12-29,0.015595044978616706,-0.008136741393061975
790,675.7,679.0,2020-12-30,0.002952683250904259,0.0037067282414779967
791,676.5,676.7,2020-12-31,0.001699674844812263,0.0011832570527134934
792,678.4,676.5,2021-01-01,0.00014761236991663257,0.0028046368668510624
793,695.85,680.35,2021-01-04,0.0027975584944048993,0.02539703538816873
794,713.75,691.1,2021-01-05,0.007652062497775564,0.025398641104358077
795,719.05,713.0,2021-01-06,0.01529276212422749,0.007398135362167935
796,704.3,720.0,2021-01-07,0.004914694937864214,-0.020726494581023935
797,717.0,715.4,2021-01-08,0.0032113934655124423,0.017871438848255927
798,725.1,720.9,2021-01-11,0.0038035961272475795,0.0112337357779273
799,718.4,727.0,2021-01-12,0.004220285042202866,-0.009283059389557202
800,713.25,718.45,2021-01-13,0.005971921491932635,-0.007194526894380715
801,706.9,713.0,2021-01-14,0.0038382984717233925,-0.008942776916700979
802,704.85,708.4,2021-01-15,0.0032549088979303186,-0.002904198959973847
803,693.95,703.0,2021-01-18,0.0038655642650058893,-0.015585102415085927
804,698.55,695.0,2021-01-19,0.005740734096372574,0.006606846294647362
805,702.95,700.0,2021-01-20,0.003563918885206173,0.00627900742942078
806,700.5,710.0,2021-01-21,0.007089684509039348,-0.0034913997488548176
807,687.4,702.7,2021-01-22,0.005251420761096292,-0.018878001361328778
808,680.4,695.0,2021-01-25,0.00559837138287047,-0.01023550389402672
809,682.85,685.0,2021-01-27,0.007310743137039881,0.0035943556027273615
810,671.8,679.5,2021-01-28,0.004070154665877303,-0.016314538946241797
811,677.95,673.65,2021-01-29,0.0043282036105356785,0.009112861730126376
812,699.05,678.3,2021-02-01,0.0033760482085163374,0.03064873152551506
813,681.05,710.5,2021-02-02,0.023139664403003878,-0.026086545540483286
814,689.2,685.0,2021-02-03,0.018556250909620143,0.011895779760424219
815,680.4,685.25,2021-02-04,0.00018306301028814115,-0.012850644132067934
816,681.55,682.6,2021-02-05,0.0019426016200564287,0.0016887554951452444
817,684.05,685.85,2021-02-08,0.0023724359442295058,0.003661398349271039
818,704.9,688.7,2021-02-09,0.002045063145809431,0.03002493441370735
819,719.05,710.05,2021-02-10,0.014939472395213708,0.01987494755255792
820,714.2,721.0,2021-02-11,0.007629598662207389,-0.006767861172040313
821,710.95,713.95,2021-02-12,0.004947715629166927,-0.004560931317964645
822,695.25,713.5,2021-02-15,0.00031943212067438897,-0.022330610728308997
823,695.35,696.4,2021-02-16,0.012286689419795238,0.00014382281054547974
824,703.1,696.0,2021-02-17,0.00028589807733541366,0.011083813280495569
825,713.45,703.5,2021-02-18,0.005293059035251773,0.01461322817146904
826,710.65,715.3,2021-02-19,0.008275184964409661,-0.003932313191563175
827,690.6,711.0,2021-02-22,0.0030679223744291915,-0.02861925922912878
828,705.7,693.5,2021-02-23,0.012507146941109205,0.021629433050891933
829,718.8,712.05,2021-02-24,0.012964321906559008,0.018392936902619894
830,733.5,724.0,2021-02-25,0.008198970840480305,0.0202444426736319
831,700.65,725.95,2021-02-26,0.0013668863030983076,-0.04581912196680893
832,705.25,711.3,2021-03-01,0.010342028167025584,0.006543874265878102
833,720.8,714.95,2021-03-02,0.002542225317778228,0.02180935641202275
834,727.5,724.0,2021-03-03,0.006234929383396455,0.009252292751519953
835,720.5,721.0,2021-03-04,0.002081165452653486,-0.00966858360607148
836,717.25,723.0,2021-03-05,0.0013886478042006596,-0.004520960578102695
837,722.95,721.9,2021-03-08,0.0007613247049866926,0.007915608612661273
838,740.2,732.0,2021-03-09,0.006860480912919456,0.023580356477920894
839,731.35,743.15,2021-03-10,0.007561885384876214,-0.012028278618958943
840,710.8,739.8,2021-03-12,0.002309389218254531,-0.028501045052601093
841,704.15,712.0,2021-03-15,0.019630688839459065,-0.009399694636436529
842,703.05,707.7,2021-03-16,0.0030480241006556473,-0.0015633886072343728
843,689.8,706.5,2021-03-17,0.0008594141660102023,-0.019026312534084155
844,680.85,695.1,2021-03-18,0.008285184781423727,-0.013059682932156313
845,688.45,679.95,2021-03-19,0.011071324174218047,0.011100676319796499
846,679.85,689.45,2021-03-22,0.006937851456948805,-0.012570508288686
847,683.55,683.85,2021-03-23,0.004095363463507403,0.005427620776305986
848,676.5,679.2,2021-03-24,0.003429962381057739,-0.010367358767158663
849,667.0,676.5,2021-03-25,0.0020096762188314445,-0.014142401695218965
850,671.7,672.4,2021-03-26,0.003050368276169945,0.007021766357195425
851,687.75,675.5,2021-03-30,0.002273977626994332,0.023613587531865043
852,696.2,688.0,2021-03-31,0.009030486923854934,0.012211575572655065
853,691.0,699.8,2021-04-01,0.008484325568018375,-0.007497151609668684
854,682.15,697.9,2021-04-05,0.0013767617115321743,-0.012890248758787415
855,697.15,686.45,2021-04-06,0.00827551315409073,0.021751020632146734
856,699.85,704.45,2021-04-07,0.012817773979918819,0.003865430725625174
857,701.45,700.0,2021-04-08,0.0031752827428734847,0.0022835947981265647
858,694.85,700.0,2021-04-09,0.0,-0.00945362623219026
859,687.3,685.0,2021-04-12,0.010930554543467173,-0.01092511680503172
860,706.1,689.15,2021-04-13,0.0029743773517290645,0.026985992394742198
861,694.45,713.15,2021-04-15,0.017050298380221655,-0.01663670516007354
862,690.65,694.5,2021-04-16,0.013464245749557792,-0.005486982216258873
863,665.95,682.05,2021-04-19,0.009235905044510419,-0.03641859049892915
864,685.2,670.1,2021-04-20,0.008817236036301874,0.028496173802924574
865,679.05,672.0,2021-04-22,0.0014063136079345527,-0.009016003899887437
866,686.35,679.0,2021-04-23,0.005126890540886953,0.010692939147591396
867,704.45,693.0,2021-04-26,0.01001824752227271,0.026029654801617674
868,678.75,711.05,2021-04-27,0.012987480212980252,-0.037164485251141244
869,672.6,682.5,2021-04-28,0.02106855582613826,-0.009102071941975431
870,674.65,678.0,2021-04-29,0.00332680294237238,0.0030432385706271603
871,665.1,670.0,2021-04-30,0.005992060519811251,-0.01425663258642107
872,671.9,660.0,2021-05-03,0.007508071176514753,0.010172114635728313
873,667.85,677.0,2021-05-04,0.012640814960776296,-0.006045922502989853
874,674.4,670.05,2021-05-05,0.005169400126445793,0.009759809264531683
875,671.8,672.0,2021-05-06,0.0014511087959518125,-0.003862729509453544
876,672.65,678.0,2021-05-07,0.004442305556583866,0.0012644577533595935
877,680.05,670.25,2021-05-10,0.005739465304006517,0.010941189947210717
878,671.25,678.0,2021-05-11,0.005743931813970725,-0.013024679055687827
879,668.8,671.25,2021-05-12,0.005037125480392523,-0.003656584052582623
880,670.6,679.9,2021-05-14,0.006405035172158443,0.002687772261635857
881,666.3,671.6,2021-05-17,0.006203752148890017,-0.006432814463636305
882,666.7,669.6,2021-05-18,0.0014966699094514702,0.0006001500555230521
883,666.15,668.0,2021-05-19,0.001199265449911946,-0.000825299217793507
884,667.5,669.0,2021-05-20,0.0007482229704451926,0.0020245198681836385
885,670.7,669.0,2021-05-21,0.0,0.004782552831287035
886,670.25,670.7,2021-05-24,0.0012677579328088634,-0.0006711659896234679
887,659.15,673.7,2021-05-25,0.0022508159207712797,-0.01669965091208958
888,658.5,663.5,2021-05-26,0.007715582450832107,-0.000986605020642628
889,664.05,661.05,2021-05-27,0.0018489170628632147,0.008392926662923905
890,668.95,665.0,2021-05-28,0.00296113047715435,0.007351871073367988
891,665.9,670.7,2021-05-31,0.004264551847972501,-0.004569809803051328
892,665.25,668.6,2021-06-01,0.0015743899239045042,-0.0009765992587782435
893,675.9,664.0,2021-06-02,0.003433092021792688,0.0158822262485101
894,678.45,679.75,2021-06-03,0.011596230304815196,0.0037656484856531947
895,680.9,678.75,2021-06-04,0.0007354833964623248,0.003604667896959235
896,680.1,682.3,2021-06-07,0.002605695830886637,-0.0011756063073278256
897,689.7,684.05,2021-06-08,0.0012738853503184713,0.014016874255652567
898,684.9,695.0,2021-06-09,0.007935357634611236,-0.00698387823338642
899,689.25,689.0,2021-06-10,0.0043533466352258295,0.006331207700046804
900,682.6,689.25,2021-06-11,0.0001822356671647775,-0.009695013431299415
901,681.7,682.6,2021-06-14,0.004874294510005113,-0.0013193581038670743
902,692.55,681.35,2021-06-15,0.0009098187641021908,0.015790759252367614
903,692.15,696.2,2021-06-16,0.01069615010624124,-0.0005777424873629755
904,700.3,685.95,2021-06-17,0.00739404869251578,0.011706119527727488
905,709.2,704.0,2021-06-18,0.012772431361449161,0.01262875953858078
906,718.75,707.25,2021-06-21,0.002279102384291725,0.013376017911507887
907,718.75,707.25,2021-06-21,0.0,0.0
908,716.75,720.0,2021-06-22,0.00887419523229511,-0.002786487348081401
909,717.75,721.0,2021-06-23,0.0006950477845351868,0.001394214237694591
910,719.6,715.0,2021-06-24,0.004182350480970306,0.00257418307520485
911,725.95,722.0,2021-06-25,0.0048344210780759,0.008785639853318372
912,696.2,728.0,2021-06-28,0.004212891447830361,-0.0418441665523579
913,686.5,680.25,2021-06-29,0.03493689409182367,-0.014030750169313322
914,686.3,690.0,2021-06-30,0.00708421129114292,-0.00029137529343703505
915,685.75,689.5,2021-07-01,0.00036357025995273584,-0.0008017200968755134
916,687.5,689.35,2021-07-02,0.00010894432944763575,0.0025486997230137476
917,677.9,690.0,2021-07-05,0.0004751809342788049,-0.01406204510380693
918,680.05,678.6,2021-07-06,0.008390681926912728,0.0031665404418426135
919,685.2,680.0,2021-07-07,0.001025490770583048,0.007544441571202043
920,681.3,685.3,2021-07-08,0.003878237962827422,-0.005708028670341925
921,683.25,680.0,2021-07-09,0.0038877682009902472,0.0028580870285548343
922,682.95,684.5,2021-07-12,0.003290796738454788,-0.00043917435927642856
923,693.4,686.5,2021-07-13,0.0014493803898833247,0.015185382802021863
924,688.5,696.0,2021-07-14,0.006861682918020947,-0.007091715082212957
925,693.65,690.0,2021-07-15,0.004336356737614281,0.007452192358024412
926,698.0,695.95,2021-07-16,0.004268445783564723,0.006251592235638093
927,678.7,696.5,2021-07-19,0.00039994182664336423,-0.028039899052659578
928,663.45,678.7,2021-07-20,0.013262303021271805,-0.02272571072726759
929,662.1,664.0,2021-07-22,0.011085136867506257,-0.002036891051644396
930,665.35,662.1,2021-07-23,0.001431315680439924,0.0048966160589509755
931,663.1,665.0,2021-07-26,0.002183570514268487,-0.0033874096149295596
932,668.75,666.0,2021-07-27,0.0007492039707810451,0.008484489835393738
933,664.85,674.45,2021-07-28,0.006309266034495665,-0.005848846907500871
934,662.65,666.05,2021-07-29,0.006321968841725064,-0.0033145039760276163
935,664.05,664.5,2021-07-30,0.0011666854841744418,0.0021105005195725113
936,670.35,669.0,2021-08-02,0.0033598387277410688,0.009442516201310092
937,673.8,672.0,2021-08-03,0.002229157378510923,0.00513336692488231
938,675.3,676.0,2021-08-04,0.0029601124842744027,0.002223705608344062
939,669.5,678.0,2021-08-05,0.001484230055658627,-0.008625871449569722
940,673.4,670.05,2021-08-06,0.0059176002084186585,0.0058083415957472795
941,667.0,674.15,2021-08-09,0.0030570778809231054,-0.009549460811350663
942,670.3,671.85,2021-08-10,0.0017136683679171139,0.004935327448288618
943,666.65,669.6,2021-08-11,0.0016838166510757717,-0.005460202802444414
944,674.95,666.5,2021-08-12,0.0023109322002311103,0.012373443493368441
945,670.5,675.0,2021-08-13,0.0063173541434411,-0.006614911333103102
946,673.55,670.0,2021-08-16,0.0037214841278701946,0.004538529422844384
947,669.4,673.0,2021-08-17,0.002234803337306317,-0.0061804433673513515
948,671.05,668.95,2021-08-18,0.0030223880597014586,0.002461861066588966
949,667.85,664.0,2021-08-20,0.0037166347561662693,-0.004780052420700898
950,668.8,670.0,2021-08-23,0.004481625336121901,0.0014214643473779986
951,671.1,671.0,2021-08-24,0.00074510096118024,0.003433095393702068
952,687.55,675.1,2021-08-25,0.0030088430631490274,0.02421639700475975
953,698.85,693.4,2021-08-26,0.013144191057640477,0.016301572761961758
954,704.1,700.35,2021-08-27,0.004948556374381462,0.007484264594172174
955,712.35,709.0,2021-08-30,0.0060857635346677295,0.01164897213815319
956,717.75,712.35,2021-08-31,0.002342493531920861,0.007551955337932625
957,718.55,720.0,2021-09-01,0.005317854784331429,0.0011139735190823785
958,759.0,722.45,2021-09-02,0.001653785142934318,0.05476648487537439
959,734.4,738.95,2021-09-03,0.011198968337462246,-0.03294793808934937
960,736.05,740.0,2021-09-06,0.0007113580163273294,0.002244211897741266
961,734.25,737.0,2021-09-07,0.0020390824129141887,-0.002448481125292723
962,743.65,739.0,2021-09-08,0.0013489360267089333,0.01272092395987734
963,737.35,742.55,2021-09-09,0.0023988107304547296,-0.008507816341657204
964,734.9,736.95,2021-09-13,0.00380473553690927,-0.0033282421621239067
965,739.2,737.8,2021-09-14,0.0005754908598509878,0.005834084792648575
966,746.3,740.9,2021-09-15,0.0020844540075309463,0.009559143809867443
967,755.15,747.0,2021-09-16,0.004060846120560545,0.011788740875008585
968,747.75,759.0,2021-09-17,0.007964161274265804,-0.009847707502292913
969,730.15,739.05,2021-09-20,0.01357881840457395,-0.023818705023576747
970,735.8,729.7,2021-09-21,0.0063800750597065225,0.007708350184192803
971,733.05,733.4,2021-09-22,0.0025231000034095486,-0.0037444302864004797
972,724.65,733.75,2021-09-23,0.00023998902907297224,-0.01152513271574751
973,725.8,728.9,2021-09-24,0.0033340207602942347,0.0015857151104441414
974,721.0,729.4,2021-09-27,0.00034473248758963045,-0.006635357494020333
975,725.8,722.0,2021-09-28,0.005111203204862535,0.006635357494020333
976,734.75,724.7,2021-09-29,0.0018500119908184901,0.012255810520056976
977,722.4,740.0,2021-09-30,0.010462253829321632,-0.016951303196250933
978,729.45,720.0,2021-10-01,0.013798337300355307,0.009711823415129217
979,726.65,725.4,2021-10-04,0.003718880203849714,-0.003845894445725584
980,733.15,724.2,2021-10-05,0.0008234123580470936,0.00890538835090915
981,725.65,736.0,2021-10-06,0.00807306810796015,-0.010282514506716467
982,725.35,730.0,2021-10-07,0.004122719620709796,-0.00041350793146044396
983,722.1,729.0,2021-10-08,0.0006891323823306457,-0.004490663527775496
984,717.3,724.9,2021-10-11,0.002842878934960493,-0.006669470324747628
985,703.4,716.9,2021-10-12,0.005632612828275717,-0.01956844309250627
986,700.9,704.3,2021-10-13,0.008966695132365516,-0.003560496533602908
987,693.8,702.5,2021-10-14,0.0012891212490152221,-0.010181488970630426
988,703.6,700.0,2021-10-18,0.0017811342262752923,0.01402627832775405
989,702.8,708.0,2021-10-19,0.005670541536716756,-0.0011376565504610525
990,703.4,703.4,2021-10-20,0.0032698322433892687,0.0008533637269403371
991,694.55,706.95,2021-10-21,0.0025330003567606623,-0.012661566196483953
992,690.75,700.0,2021-10-22,0.004997303613158401,-0.005486190039872163
993,683.25,690.75,2021-10-25,0.006732168850072781,-0.01091713899534863
994,690.05,685.0,2021-10-26,0.004181666121231956,0.009903233925871113
995,693.85,689.9,2021-10-27,0.003541102077687427,0.005491740082971042
996,683.1,693.85,2021-10-28,0.0028686589927012928,-0.015614537079216007
997,680.45,682.5,2021-10-29,0.00832752485417662,-0.003886917731477091
998,689.8,680.45,2021-11-01,0.0014960773581462906,0.013647356496414353
999,692.65,694.0,2021-11-02,0.009771752064327663,0.004123120601147612
1000,692.3,695.05,2021-11-03,0.0007568385771434422,-0.0005054334199083854
1001,696.4,699.9,2021-11-04,0.0034734655876244524,0.005904820210053785
1002,703.25,702.5,2021-11-08,0.001849546505424167,0.00978823947593277
1003,706.45,709.7,2021-11-09,0.005084207181442675,0.004539980841850699
1004,706.5,705.5,2021-11-10,0.002974504249291817,7.077391276499867e-05
1005,702.6,706.0,2021-11-11,0.00035496237398835727,-0.00553546229285562
1006,720.6,708.85,2021-11-12,0.0019937738290951223,0.02529645848226636
1007,714.6,723.95,2021-11-15,0.010496680685412409,-0.008361252724683688
1008,713.6,718.0,2021-11-16,0.004156188879575333,-0.0014003643235094287
1009,711.05,714.2,2021-11-17,0.0026661989124714645,-0.003579830447094423
1010,704.5,711.05,2021-11-18,0.0022252834587263544,-0.009254419479970188
1011,688.85,706.9,2021-11-22,0.0029733118395127906,-0.022464790848126803
1012,695.4,688.8,2021-11-23,0.013076145065741963,0.009463679083152599
1013,687.2,698.4,2021-11-24,0.006928406466512719,-0.011861848903715
1014,688.8,690.0,2021-11-25,0.006092254134029575,0.002325582443474694
1015,670.65,685.0,2021-11-26,0.0036882676206985575,-0.026703561765421213
1016,683.65,669.6,2021-11-29,0.011380011084426364,0.01919869940699126
1017,680.8,682.0,2021-11-30,0.009098914000587011,-0.004177513495926988
1018,693.85,680.0,2021-12-01,0.0014557630017833097,0.018987221557855705
1019,705.3,696.0,2021-12-02,0.011417969028759009,0.016367445397113656
1020,690.95,707.25,2021-12-03,0.008046059218995852,-0.020555781964639586
1021,684.2,691.0,2021-12-06,0.011816463059918557,-0.009817189705989549
1022,694.4,688.0,2021-12-07,0.0021701388888888886,0.014797890802636715
1023,686.4,698.1,2021-12-08,0.0072950523654749175,-0.011587615172388155
1024,683.15,689.9,2021-12-09,0.0059721058956338415,-0.004746093389256245
1025,684.75,684.9,2021-12-10,0.0036505676632716385,0.0023393533586908433
1026,674.4,685.0,2021-12-13,7.356186552892653e-05,-0.015230401455541553
1027,669.5,678.0,2021-12-14,0.005194805194805195,-0.0072922415564189436
1028,672.85,670.0,2021-12-15,0.00595747849722605,0.004991257056323306
1029,669.5,674.2,2021-12-16,0.0031256977003795827,-0.004991257056323306
1030,656.6,667.0,2021-12-17,0.005439709882139654,-0.01945616006373463
1031,633.6,654.0,2021-12-20,0.010096303199751477,-0.035657164567275856
1032,638.75,640.0,2021-12-21,0.010948191593352884,0.008095301017697842
1033,639.9,640.05,2021-12-22,3.90640259384777e-05,0.001798772627500611
1034,640.5,641.05,2021-12-23,0.0007803050992938239,0.0009372071913738012
1035,637.35,641.2,2021-12-24,0.00011732040201798204,-0.004930166107858014
1036,639.75,635.0,2021-12-27,0.004863698764463656,0.003758519810967975
1037,642.3,641.75,2021-12-28,0.005256804641563802,0.003978009223848389
1038,644.75,645.0,2021-12-29,0.0025198681915099825,0.0038071604977076845
1039,640.9,644.75,2021-12-30,0.00019445416715280206,-0.005989206251273416
1040,649.55,645.35,2021-12-31,0.00046335624372540173,0.013406376931560438
1041,650.5,654.0,2022-01-03,0.006630893062476027,0.00146148251081879
1042,653.15,652.4,2022-01-04,0.0012255371299452512,0.004065513980012092
1043,653.55,655.0,2022-01-05,0.001986932100416509,0.0006122292989880762
1044,646.9,651.0,2022-01-06,0.0030819015332460126,-0.010227318181621037
1045,660.3,647.0,2022-01-07,0.003059741451847319,0.020502554150586327
1046,662.95,666.0,2022-01-10,0.014297001392076451,0.004005295360202332
1047,658.15,662.95,2022-01-11,0.0023086821588070203,-0.007266703689311704
1048,673.25,658.3,2022-01-12,0.0034921707784162,0.022683862820291445
1049,670.35,673.9,2022-01-13,0.011604984191928602,-0.004316767644137798
1050,671.45,668.0,2022-01-14,0.00440479301205717,0.0016395889796143592
1051,674.15,671.0,2022-01-17,0.0022302345463331226,0.004013085052899434
1052,669.1,678.0,2022-01-18,0.005196347709895331,-0.007519112291312524
1053,656.05,665.0,2022-01-19,0.0098406570531017,-0.019696520237046933
1054,649.45,654.6,2022-01-20,0.007975154326904625,-0.010111154698431157
1055,641.45,645.0,2022-01-21,0.007462396517548309,-0.012394612157944351
1056,627.6,639.85,2022-01-24,0.004063276657856308,-0.02182821783647171
1057,630.8,627.2,2022-01-25,0.010055643879173274,0.005085834230006192
1058,621.5,625.8,2022-01-27,0.0011224244367835253,-0.01485294413811733
1059,620.45,621.35,2022-01-28,0.0035835078112416902,-0.0016908897301375347
1060,622.45,625.5,2022-01-31,0.003325453744140372,0.0032182826071665005
1061,623.9,626.25,2022-02-01,0.0005999280086389632,0.00232679528894586
1062,644.15,624.1,2022-02-02,0.0016952493593534218,0.03194151912079235
1063,634.4,646.05,2022-02-03,0.01714241087117805,-0.015251947916895325
1064,624.35,637.0,2022-02-04,0.00717485234074599,-0.015968561759483357
1065,603.25,620.1,2022-02-07,0.013814525687660914,-0.03437940405601303
1066,600.45,606.4,2022-02-08,0.011351866429133734,-0.004652330398449145
1067,600.2,606.75,2022-02-09,0.0002899871577116059,-0.00041644110042593496
1068,606.25,600.2,2022-02-10,0.005429151643250822,0.01002950924542656
1069,595.35,600.7,2022-02-11,0.0004180427239663893,-0.018142974354509178
1070,557.3,588.0,2022-02-14,0.011088797694927134,-0.0660457733216937
1071,573.6,564.0,2022-02-15,0.021097046413502112,0.028828594709920274
1072,586.35,577.0,2022-02-16,0.011174625005372417,0.02198459162166344
1073,592.6,586.1,2022-02-17,0.007720369899041336,0.010602754232390765
1074,590.95,590.0,2022-02-18,0.003302426012955652,-0.0027882236812146743
1075,582.0,583.55,2022-02-21,0.005533868130925354,-0.015260963726811738
1076,572.75,577.0,2022-02-22,0.005696890628397438,-0.01602112639783293
1077,569.05,572.75,2022-02-23,0.0037221930285514103,-0.006481017605706185
1078,532.95,559.0,2022-02-24,0.012592151655295572,-0.0655406925927533
1079,538.9,540.0,2022-02-25,0.017610529242747242,0.011102413804304767
1080,523.2,532.0,2022-02-28,0.0075815011372251705,-0.029566224796461427
1081,560.8,518.0,2022-03-02,0.012977382276603635,0.06940053557739123
1082,531.75,560.75,2022-03-03,0.0391304347826087,-0.053190881640033716
1083,521.5,528.9,2022-03-04,0.030321782178217842,-0.019464179639519408
1084,503.5,505.0,2022-03-07,0.023698562221120455,-0.03512556228220998
1085,513.05,500.0,2022-03-08,0.004935590543408519,0.018789594149600575
1086,514.7,517.0,2022-03-09,0.016477658233982746,0.003210900350491208
1087,521.3,524.0,2022-03-10,0.006696642112312255,0.01274148511535067
1088,518.8,518.55,2022-03-11,0.005253771629633244,-0.004807239331770852
1089,512.45,520.0,2022-03-14,0.0014044263644728998,-0.012315307164716849
1090,504.7,512.45,2022-03-15,0.007422700683281673,-0.01523895193135516
1091,517.3,507.05,2022-03-16,0.00527163567140141,0.024658783663252137
1092,530.15,523.0,2022-03-17,0.015145041067274356,0.024537008362337964
1093,522.35,532.8,2022-03-21,0.009287778988769325,-0.014822124088289534
1094,529.3,523.5,2022-03-22,0.008833586626139775,0.013217517580424776
1095,525.85,531.9,2022-03-23,0.007941385015362777,-0.006539377897905041
1096,522.35,524.0,2022-03-24,0.007550054952931599,-0.006678139682519735
1097,519.55,524.1,2022-03-25,9.581756335938554e-05,-0.0053748089848619784
1098,512.6,516.1,2022-03-28,0.007776805677068144,-0.013467238368684242
1099,523.0,517.0,2022-03-29,0.0008653846153845935,0.020085650134952004
1100,542.3,526.0,2022-03-30,0.008424599831508004,0.036237889782091415
1101,538.2,542.95,2022-03-31,0.0156777505434029,-0.007589115554209158
1102,550.35,538.0,2022-04-01,0.004548169247025355,0.022324201176595615
1103,571.8,560.0,2022-04-04,0.019438063262060434,0.0382348404188102
1104,569.65,572.0,2022-04-05,0.01051110235185915,-0.0037671427440866267
1105,555.85,567.0,2022-04-06,0.004452954535334195,-0.024523663464500522
1106,559.0,560.0,2022-04-07,0.006255585344057194,0.005650999475474983
1107,564.8,558.95,2022-04-08,0.0009343715239154212,0.010322213023933102
1108,567.4,564.95,2022-04-11,0.005298715061597563,0.004592836195718597
1109,562.3,566.5,2022-04-12,0.00137313961729266,-0.009029007076595263
1110,564.85,565.0,2022-04-13,0.0013276098597158916,0.004524693874782493
1111,574.3,560.5,2022-04-18,0.003965456468100106,0.016591698697312474
1112,546.7,576.9,2022-04-19,0.014595941616233517,-0.049251701969296846
1113,559.3,548.0,2022-04-20,0.02609952135825881,0.02278579592658847
1114,570.95,560.5,2022-04-21,0.011047770559901011,0.02061563832011526
1115,554.05,568.9,2022-04-22,0.007480297430874018,-0.030046704765323007
1116,540.0,552.0,2022-04-25,0.015476190476190456,-0.02568579582401398
1117,549.85,541.1,2022-04-26,0.0099912919932169,0.018076374198622958
1118,547.65,552.0,2022-04-27,0.009912244805165258,-0.004009116987187866
1119,571.4,550.9,2022-04-28,0.000980130089993783,0.04245309302691691
1120,582.4,575.35,2022-04-29,0.02111854890952282,0.019068007085803806
1121,579.85,577.45,2022-05-02,0.001814568391946792,-0.004388047479763735
1122,567.6,570.3,2022-05-04,0.006283504701643457,-0.02135250411682499
1123,569.75,570.5,2022-05-05,0.00017540013155013855,0.0037807228399060477
1124,565.95,555.0,2022-05-06,0.013827556982916276,-0.0066919330473647065
1125,563.85,558.15,2022-05-09,0.0028074866310160225,-0.0037174764001317584
1126,559.2,561.0,2022-05-10,0.0025441885377611344,-0.008281067758696636
1127,563.55,559.5,2022-05-11,0.001335648457326032,0.007748869768486877
1128,547.25,560.1,2022-05-12,0.0005418341084571479,-0.029350324285115192
1129,550.75,555.0,2022-05-13,0.004612254126158737,0.0063752492794799664
1130,549.7,552.1,2022-05-16,0.0026320566345979096,-0.0019083108158373108
1131,554.85,549.85,2022-05-17,0.002036752059382638,0.00932513207995811
1132,550.0,555.0,2022-05-18,0.0046606334841628756,-0.008779528720056717
1133,528.7,542.5,2022-05-19,0.011669156086631815,-0.03949711498511199
1134,544.7,534.0,2022-05-20,0.007879855381477705,0.029814021148224512
1135,551.15,544.0,2022-05-23,0.009131169246221978,0.011771820019696122
1136,552.9,551.15,2022-05-24,0.006476155971196936,0.0031701489345623557
1137,569.1,557.7,2022-05-25,0.005812921547745888,0.028879012265191406
1138,578.05,568.1,2022-05-26,0.009073855952536732,0.015604204512252196
1139,598.1,582.0,2022-05-27,0.011778662825184288,0.03409759392918055
1140,608.9,605.65,2022-05-30,0.019472232514099855,0.017896086564016755
1141,598.95,607.0,2022-05-31,0.0011194493967411772,-0.01647592843718826
1142,607.15,598.95,2022-06-01,0.006674405107370828,0.01359775532248797
1143,607.9,604.0,2022-06-02,0.004167010479412455,0.0012345172548489103
1144,602.7,613.0,2022-06-03,0.007403142222587809,-0.008590834265678637
1145,606.1,601.95,2022-06-06,0.00914697239352672,0.0056254284682415445
1146,605.3,607.0,2022-06-07,0.004165635568753571,-0.001320786059598511
1147,599.95,602.3,2022-06-08,0.0039093366604284014,-0.00887788448724347
1148,604.9,595.5,2022-06-09,0.005664778407197563,0.008216836702470864
1149,593.1,601.8,2022-06-10,0.005272407732864637,-0.01970013626818723
1150,582.0,581.55,2022-06-13,0.01740363542606678,-0.01889257111324305
1151,572.4,580.0,2022-06-14,0.0013450190905935043,-0.01663240004914268
1152,579.75,577.0,2022-06-15,0.002593473092716663,0.012758928453345142
1153,570.55,582.0,2022-06-16,0.0043382065853975965,-0.015996168254951648
1154,550.8,564.0,2022-06-17,0.016146393972012917,-0.035229041026189734
1155,553.15,551.0,2022-06-20,0.011773762622832041,0.004257445626420164
1156,564.45,555.4,2022-06-21,0.003929097647006275,0.02022259322663622
1157,564.45,555.4,2022-06-21,0.0,0.0
1158,551.8,561.0,2022-06-22,0.0050323508267433705,-0.022666143924370274
1159,558.1,553.1,2022-06-23,0.007109431245500339,0.011352496011202362
1160,561.45,558.15,2022-06-24,0.004510539478385097,0.005984565224159688
1161,558.0,564.25,2022-06-27,0.00543550902205393,-0.0061637606372366704
1162,565.95,559.95,2022-06-28,0.0038191668887112124,0.01414677269711806
1163,541.25,558.5,2022-06-29,0.0013184814730621008,-0.044624455761729465
1164,550.0,540.5,2022-06-30,0.016506189821182942,0.016036998909816802
1165,565.45,549.95,2022-07-01,0.008472296933835435,0.02770359609082007
1166,574.3,565.45,2022-07-04,0.01359947356876508,0.015530033552914269
1167,564.85,581.0,2022-07-05,0.013570711698738889,-0.016591698697312474
1168,557.45,563.25,2022-07-06,0.015838315338627642,-0.01318739595935714
1169,554.6,563.8,2022-07-07,0.0004917739628039651,-0.005125680031903279
1170,545.35,558.0,2022-07-08,0.005256718176462551,-0.016819342806925874
1171,546.65,543.0,2022-07-11,0.013765888129215802,0.0023809535057424114
1172,539.75,546.55,2022-07-12,0.003267973856209109,-0.012702674485577603
1173,539.5,542.45,2022-07-13,0.003789454226165635,-0.00046328469672740624
1174,537.15,540.8,2022-07-14,0.001530683241337809,-0.0043653995856374195
1175,539.9,537.1,2022-07-15,0.0034354688950788597,0.005106552111689311
1176,542.75,544.4,2022-07-18,0.006714804764751832,0.005264871534159887
1177,535.9,541.0,2022-07-19,0.0031572105116537998,-0.012701232257596118
1178,525.2,540.0,2022-07-20,0.000938790837401427,-0.020168434072163954
1179,529.1,525.3,2022-07-21,0.013941578148710209,0.007398307481444988
1180,535.0,530.0,2022-07-22,0.004413145539906146,0.011089296985920427
1181,526.75,534.0,2022-07-25,0.0037709168041480086,-0.015540694211708228
1182,522.55,525.0,2022-07-26,0.008591475347238796,-0.00800537964378556
1183,521.25,525.0,2022-07-27,0.0,-0.002490899927501289
1184,531.6,524.0,2022-07-28,0.0009473285335354301,0.01966155372607936
1185,555.5,540.0,2022-07-29,0.01460520310360566,0.043977282240594384
1186,546.05,560.0,2022-08-01,0.018082365173364676,-0.017158062435947308
1187,538.5,545.0,2022-08-02,0.01384402399630826,-0.013923050047294439
1188,535.35,540.0,2022-08-03,0.004649648951504162,-0.005866757992164295
1189,534.9,536.3,2022-08-04,0.0034540702016430604,-0.0008409250670746715
1190,539.25,537.6,2022-08-05,0.001207224775967004,0.008099471732061936
1191,536.75,541.0,2022-08-08,0.003154720482486641,-0.004646848510375889
1192,540.9,538.4,2022-08-10,0.0024089687760585777,0.0077019821184913795
1193,541.55,543.65,2022-08-11,0.004837817913748619,0.0012009794043645883
1194,544.95,542.0,2022-08-12,0.0015180091080546274,0.006258649053574317
1195,570.6,547.7,2022-08-16,0.0050970222659394125,0.04599439144407924
1196,589.35,572.0,2022-08-17,0.02092392474275624,0.03233179589317903
1197,586.75,590.2,2022-08-18,0.015463698542843829,-0.004421399941445969
1198,576.65,586.5,2022-08-19,0.003181017065726729,-0.01736333805918555
1199,566.65,576.65,2022-08-22,0.008615411528032907,-0.01749366749298975
1200,565.85,560.0,2022-08-23,0.014788826220189172,-0.0014128037670069205
1201,566.65,567.9,2022-08-24,0.006963113128553151,0.0014128037670069205
1202,571.05,569.5,2022-08-25,0.0014028319670334687,0.0077349423176586996
1203,566.9,574.9,2022-08-26,0.004729374671571184,-0.007293850166358418
1204,560.95,555.0,2022-08-29,0.017832340158609235,-0.010551146339284223
1205,575.2,563.5,2022-08-30,0.007464652674102046,0.02508603141586363
1206,575.6,576.85,2022-09-01,0.011584016660158812,0.0006951686063754181
1207,574.85,575.0,2022-09-02,0.0016089055094142912,-0.0013038378134631046
1208,573.65,574.0,2022-09-05,0.0008713457935781814,-0.0020896829545975493
1209,573.5,576.4,2022-09-06,0.0020871380120010235,-0.00026151767572635265
1210,576.95,570.0,2022-09-07,0.0055800165656741596,0.005997671071250821
1211,584.35,579.85,2022-09-08,0.00846074557636147,0.012744510738489367
1212,575.95,586.0,2022-09-09,0.0052928267137139955,-0.014479267006650254
1213,578.55,578.0,2022-09-12,0.006917124205611518,0.00450412194983052
1214,587.05,605.0,2022-09-13,0.022650056625141565,0.01458502175387455
1215,576.35,580.0,2022-09-14,0.021619751805249277,-0.018394880029198646
1216,566.75,578.4,2022-09-15,0.0013971968737720147,-0.016796825659383785
1217,546.75,568.0,2022-09-16,0.00932944606413992,-0.03592662983076078
1218,548.1,550.0,2022-09-19,0.016391949731354157,0.0024660924951929175
1219,559.75,550.8,2022-09-20,0.000720363783710733,0.021032503426793525
1220,551.4,558.0,2022-09-21,0.006489994591671214,-0.015029756889167523
1221,545.8,545.1,2022-09-22,0.011825098542487832,-0.010207890315458101
1222,539.45,542.75,2022-09-23,0.002171502494917781,-0.011702506276889402
1223,522.75,535.0,2022-09-26,0.007326873079650201,-0.03144676368860555
1224,520.85,525.4,2022-09-27,0.009175627240143392,-0.003641245878285737
1225,514.45,518.35,2022-09-28,0.006826103795507314,-0.012363723608638466
1226,528.0,518.0,2022-09-29,0.00033460803059275594,0.025997914884442253
1227,530.45,526.0,2022-09-30,0.007572530645084954,0.004629419199019047
1228,518.7,530.55,2022-10-03,0.004336430783893214,-0.02240002154792542
1229,531.95,522.2,2022-10-04,0.007921073850969889,0.025223818605019765
1230,529.65,535.0,2022-10-06,0.012022730474803883,-0.00433308891986961
1231,526.85,529.95,2022-10-07,0.004778576835730464,-0.005300532996968421
1232,533.2,525.8,2022-10-10,0.003918791312559104,0.011980710259017258
1233,522.55,534.0,2022-10-11,0.007761109270739715,-0.0201759152640415
1234,526.6,520.1,2022-10-12,0.013279831852488752,0.007720574021696791
1235,520.65,525.0,2022-10-13,0.004686080428441617,-0.01136321608630464
1236,523.0,534.4,2022-10-14,0.008889729525250592,0.004503433089018571
1237,523.75,522.0,2022-10-17,0.011857518527372678,0.0014330071714239168
1238,531.25,526.1,2022-10-18,0.0038776185747387555,0.014218249002279748
1239,531.55,533.2,2022-10-19,0.006668231979337894,0.0005645464959869173
1240,537.2,531.0,2022-10-20,0.0020595394120951557,0.010573197914468757
1241,541.95,539.9,2022-10-21,0.008226648796043793,0.008803281612676628
1242,541.55,546.8,2022-10-24,0.006339872283732235,-0.0007383479800129322
1243,533.45,544.35,2022-10-25,0.0022731490072369007,-0.015070052644276188
1244,533.0,533.0,2022-10-27,0.010647279549718596,-0.0008439214716258192
1245,530.1,532.7,2022-10-28,0.0002822732404967581,-0.005455756172083603
1246,540.45,532.8,2022-10-31,9.31749359421468e-05,0.019336457868451618
1247,544.55,543.05,2022-11-01,0.009424420742920192,0.007557639659482973
1248,542.25,545.85,2022-11-02,0.002573292895873604,-0.004232615814711238
1249,545.4,540.4,2022-11-03,0.005019340578375433,0.005792320704504306
1250,539.3,545.4,2022-11-04,0.0046095694662118564,-0.011247468068306787
1251,536.0,540.0,2022-11-07,0.005018587360594774,-0.006137841272379596
1252,531.75,536.75,2022-11-09,0.0030416471689284044,-0.007960706990455257
1253,528.25,531.75,2022-11-10,0.0047169811320754715,-0.006603797584180171
1254,542.65,535.0,2022-11-11,0.003015821463369368,0.02689488839585774
1255,538.85,545.0,2022-11-14,0.009226368962494812,-0.0070273058491832074
1256,532.9,539.8,2022-11-15,0.0048475808707001454,-0.011103449740104132
1257,528.1,527.1,2022-11-16,0.012035633055344892,-0.009048129589849019
1258,531.2,528.55,2022-11-17,0.0013682472281197752,0.005852938449335987
1259,531.55,533.0,2022-11-18,0.00418017002489319,0.0006586685723899421
1260,532.35,531.5,2022-11-21,0.0014099732105090006,0.0015039010260018415
1261,539.95,533.8,2022-11-22,0.0021420256111757434,0.014175374918153238
1262,547.65,542.65,2022-11-23,0.00811703200953868,0.014159854090986634
1263,572.55,551.9,2022-11-24,0.008226243941482504,0.04446367108959315
1264,586.6,575.0,2022-11-25,0.019886363636363657,0.024243088684001712
1265,586.0,584.7,2022-11-28,0.00828564106944567,-0.0010233669663382017
1266,584.85,583.5,2022-11-29,0.0010270894851714346,-0.0019643854802957605
1267,590.6,586.2,2022-11-30,0.0022943575798776727,0.009783565213106193
1268,596.45,590.6,2022-12-01,0.0037066677898993108,0.009856446418131881
1269,589.85,594.95,2022-12-02,0.0036715057393653123,-0.011127148440102985
1270,588.9,591.9,2022-12-05,0.0025829945799458573,-0.001611877337326817
1271,586.8,588.0,2022-12-06,0.003319713993871278,-0.0035723436816983423
1272,581.8,590.9,2022-12-07,0.0024729257269548712,-0.00855730020772505
1273,577.5,580.0,2022-12-08,0.009416846652267798,-0.007418303665152948
1274,579.6,581.0,2022-12-09,0.0008616232982939859,0.0036297680505787966
1275,576.5,575.2,2022-12-12,0.005036033689328779,-0.005362870737413594
1276,582.35,578.2,2022-12-13,0.0025849812588858725,0.010096301839547017
1277,580.35,583.0,2022-12-14,0.004126015386599007,-0.0034402717340284994
1278,580.2,582.9,2022-12-15,8.597713008341737e-05,-0.00025849812732836597
1279,575.2,579.2,2022-12-16,0.0032051282051281456,-0.008655065280466445
1280,584.45,574.95,2022-12-19,0.003665689149560117,0.01595342764694241
1281,579.8,583.0,2022-12-20,0.00692294461644303,-0.007988017566225025
1282,575.4,585.0,2022-12-21,0.0017235436056532228,-0.007617765370107499
1283,577.85,576.4,2022-12-22,0.00745072557938057,0.004248868304003395
1284,565.45,574.95,2022-12-23,0.0012714836899332968,-0.021692445104114277
1285,569.3,562.5,2022-12-26,0.011000176709666059,0.00678566163970018
1286,569.8,572.0,2022-12-27,0.008320196181467858,0.0008778861067710864
1287,568.2,569.7,2022-12-28,0.002021267246682445,-0.002811952643719806
1288,571.0,566.0,2022-12-29,0.0032541776605101544,0.004915740235922783
1289,566.25,572.05,2022-12-30,0.005314943336554472,-0.0083535328587665
1290,570.3,565.0,2023-01-02,0.0062098123843917505,0.007126861365248871
1291,595.6,570.0,2023-01-03,0.004289636238846946,0.04340676264736132
1292,598.6,599.0,2023-01-04,0.024215096860387444,0.005024294608744206
1293,609.45,600.0,2023-01-05,0.0008268221092232006,0.017963315683247494
1294,611.65,608.0,2023-01-06,0.006559258803755175,0.0036033123910792497
1295,608.45,615.05,2023-01-09,0.0057621577441765055,-0.005245483710115906
1296,600.2,608.5,2023-01-10,0.005419045255232857,-0.013651806776542763
1297,599.85,600.0,2023-01-11,0.00708421886069092,-0.0005833090453295497
1298,598.4,602.45,2023-01-12,0.002040221509763955,-0.0024201973006698907
1299,604.5,599.45,2023-01-13,0.002491797832135886,0.010142243394580142
1300,604.2,605.0,2023-01-16,0.004589811445583819,-0.0004964011022758896
1301,609.45,607.0,2023-01-17,0.001644128406428542,0.008651642149274608
1302,601.05,610.0,2023-01-18,0.002477189215969613,-0.013878785351582934
1303,605.25,601.15,2023-01-19,0.007335875331565005,0.00696347006790532
1304,590.55,608.0,2023-01-20,0.00571523924742399,-0.024587289760312103
1305,589.2,595.0,2023-01-23,0.010977875358892079,-0.0022886214693809137
1306,589.55,591.0,2023-01-24,0.003388251238829359,0.0005938494342068168
1307,585.05,590.0,2023-01-25,0.0008510276158461343,-0.007662220357715022
1308,587.7,586.45,2023-01-27,0.003023463782310569,0.0045192999536380896
1309,587.95,586.8,2023-01-30,0.00029793573100651973,0.0004252966508193623
1310,578.85,587.95,2023-01-31,0.0009856016455263034,-0.015598533617686705
1311,515.7,582.9,2023-02-01,0.00459675951210638,-0.11551817559482469
1312,492.7,499.0,2023-02-02,0.0846021982454371,-0.04562473150699553
1313,488.9,496.0,2023-02-03,0.003045994517209869,-0.007742499965317506
1314,482.05,487.0,2023-02-06,0.009287446468190496,-0.014110126474210283
1315,482.95,483.9,2023-02-07,0.003206288462532992,0.0018652855149152714
1316,508.55,484.8,2023-02-08,0.0009060250666935462,0.051650410446300477
1317,518.65,508.55,2023-02-09,0.023121105919003113,0.019665742806231457
1318,522.55,519.8,2023-02-10,0.0107929198445819,0.007491391162675498
1319,514.5,522.55,2023-02-13,0.0026517525673786222,-0.015525117766408414
1320,512.05,515.4,2023-02-14,0.0069589761058932095,-0.004773278752657539
1321,519.1,510.75,2023-02-15,0.004515220663203357,0.013674266311737071
1322,514.6,519.0,2023-02-16,0.007981811145510836,-0.008706642985539581
1323,504.25,514.55,2023-02-17,0.00436788378484496,-0.020317723013322464
1324,507.95,506.3,2023-02-20,0.008134089228493905,0.007310840703232735
1325,501.05,510.9,2023-02-21,0.004545679134344548,-0.013677121033216721
1326,494.45,500.6,2023-02-22,0.010351238631224516,-0.013259862788337351
1327,486.85,494.45,2023-02-23,0.006267196575970686,-0.015489966291235113
1328,482.85,488.5,2023-02-24,0.006125495444484468,-0.008250021011837916
1329,488.7,482.85,2023-02-27,0.005815449539395788,0.012042757863182096
1330,488.8,490.9,2023-02-28,0.008216801061549407,0.00020460358127660783
1331,489.75,488.9,2023-03-01,0.002043631533234558,0.0019416489672643422
1332,482.8,490.0,2023-03-02,0.0011307565789473919,-0.014292567601273731
1333,489.95,485.3,2023-03-03,0.004819277108433723,0.014700855858451156
1334,490.15,492.0,2023-03-06,0.006821768568955851,0.0004081216259077536
1335,495.2,490.0,2023-03-08,0.0020300446609825416,0.01025025466265106
1336,491.25,495.0,2023-03-09,0.005069708491761723,-0.008008558186915593
1337,490.25,487.55,2023-03-10,0.007619145019431365,-0.0020376981070153732
1338,478.95,490.0,2023-03-13,0.002528510243046585,-0.02331925724755468
1339,470.55,480.45,2023-03-14,0.01004206098843324,-0.017693984524103534
1340,466.7,473.05,2023-03-15,0.007874434690077124,-0.008215570349027423
1341,461.4,466.7,2023-03-16,0.0068419351362999925,-0.011421307216116894
1342,471.25,464.05,2023-03-17,0.0028333155137388833,0.021123393022567605
1343,465.25,470.0,2023-03-20,0.006361935311414048,-0.012813843239860567
1344,482.75,467.0,2023-03-21,0.0031587259805211897,0.03692402578626375
1345,497.45,483.0,2023-03-22,0.016319037176806567,0.029996127726745314
1346,498.55,497.45,2023-03-23,0.014508032128514045,0.0022088362394327987
1347,492.25,494.5,2023-03-24,0.0029896123638206117,-0.012717167755567083
1348,492.95,486.65,2023-03-27,0.008013474887709293,0.0014210315018159392
1349,489.7,495.45,2023-03-28,0.008932649850276619,-0.006614790312778673
1350,495.95,491.3,2023-03-29,0.004203595847049863,0.012682156483730722
1351,499.2,497.0,2023-03-31,0.00572174262196345,0.006531701863215389
1352,503.7,502.05,2023-04-03,0.005021128511061408,0.00897403569638655
1353,507.75,503.7,2023-04-05,0.0016313213703099286,0.008008347708889474
1354,514.65,506.1,2023-04-06,0.0023512123438648386,0.013497857512073885
1355,513.7,514.65,2023-04-10,0.008314289881849521,-0.0018476204993458367
1356,513.55,516.8,2023-04-11,0.0020866695782986145,-0.0002920418614094089
1357,517.05,514.0,2023-04-12,0.002715678192134188,0.006792186019171531
1358,531.85,519.65,2023-04-13,0.00537327627199237,0.028221913066689197
1359,533.4,542.5,2023-04-17,0.021238033274467907,0.0029101170502405793
1360,532.3,537.0,2023-04-18,0.005143551856354625,-0.0020643715692028053
1361,524.8,532.5,2023-04-19,0.004256124089662348,-0.014190002548832403
1362,530.25,525.0,2023-04-20,0.007107320540156361,0.010331355814912513
1363,513.3,536.0,2023-04-21,0.010483179262365387,-0.03248812387853395
1364,547.55,551.0,2023-04-24,0.013654362568840745,0.06459331215551067
1365,529.75,546.15,2023-04-25,0.004507853889766727,-0.03304858457335946
1366,531.6,529.0,2023-04-26,0.016170092400527983,0.0034861296906818495
1367,517.85,530.1,2023-04-27,0.0010496684002099554,-0.02620570180420234
1368,529.75,517.1,2023-04-28,0.012418207001958257,0.022719572113520492
1369,544.5,530.0,2023-05-02,0.012005583992554655,0.027462745224606344
1370,538.7,544.0,2023-05-03,0.01293063637203288,-0.010709112686527078
1371,546.5,539.8,2023-05-04,0.0038663352665010086,0.014375477930105518
1372,539.7,543.0,2023-05-05,0.0029555740278932718,-0.012520877991996748
1373,549.55,542.0,2023-05-08,0.0009161284412074573,0.018086331890312835
1374,552.05,552.5,2023-05-09,0.009506133719614323,0.0045388603702365415
1375,562.65,553.4,2023-05-10,0.0008064154831772567,0.019019143310860187
1376,567.4,562.05,2023-05-11,0.007658594891318765,0.008406757178744506
1377,560.65,567.4,2023-05-12,0.004742697575462101,-0.011967697467861527
1378,559.3,559.9,2023-05-15,0.006701215153681202,-0.0024108230793471463
1379,559.5,562.2,2023-05-16,0.002050459124543165,0.0003575259244374962
1380,560.1,562.0,2023-05-17,0.0001782372337581726,0.0010718114638068599
1381,561.55,564.0,2023-05-18,0.0017769090666785129,0.0025854781932581616
1382,557.6,564.9,2023-05-19,0.0008017817371937437,-0.007058957962730261
1383,567.0,557.0,2023-05-22,0.007028469750889659,0.016717444281437288
1384,562.7,567.7,2023-05-23,0.009465675866949791,-0.0076126772885185545
1385,566.0,562.6,2023-05-24,0.004518872939925592,0.005847451763949962
1386,572.05,566.0,2023-05-25,0.002987566451386123,0.010632321943769618
1387,577.2,572.0,2023-05-26,0.005221023320570832,0.008962426752763264
1388,579.05,577.3,2023-05-29,0.004583387382712807,0.003200002730670448
1389,585.15,576.0,2023-05-30,0.0011195797269947503,0.010479394990388968
1390,592.35,603.0,2023-05-31,0.022587526665830093,0.012229451779992573
1391,582.2,593.45,2023-06-01,0.008123165908220945,-0.01728364508924507
1392,576.4,585.3,2023-06-02,0.00701558061461659,-0.010012167186156162
1393,574.15,578.05,2023-06-05,0.00629231036278424,-0.003911177903168195
1394,579.7,574.15,2023-06-06,0.0033799887333708692,0.009620042123488659
1395,594.45,583.0,2023-06-07,0.0075162427279290185,0.025125879958866726
1396,593.9,594.45,2023-06-08,0.009635208482349516,-0.0009256532827395247
1397,581.7,587.95,2023-06-09,0.005557217971187961,-0.020756104105098316
1398,584.4,585.95,2023-06-12,0.0017088905028410306,0.00463082895982847
1399,584.8,582.25,2023-06-13,0.003170386872884663,0.0006842285590238362
1400,585.05,584.8,2023-06-14,0.0021797666367482623,0.00042740522939865855
1401,578.15,585.05,2023-06-15,0.0002149243466299863,-0.011863963089996155
1402,609.55,577.8,2023-06-16,0.006106034446456395,0.05288762943618419
1403,626.55,609.95,2023-06-19,0.026000808734330846,0.027507599600139265
1404,643.7,627.0,2023-06-20,0.013417801211930395,0.027004199447276278
